Date,Open,High,Low,Close,Adj Close,Volume,company_name
2024-06-12,207.3699951171875,220.1999969482422,206.89999389648438,213.07000732421875,212.82366943359375,198134300,APPLE
2024-06-13,214.74000549316406,216.75,211.60000610351562,214.24000549316406,213.9923095703125,97862700,APPLE
2024-06-14,213.85000610351562,215.1699981689453,211.3000030517578,212.49000549316406,212.2443389892578,70122700,APPLE
2024-06-17,213.3699951171875,218.9499969482422,212.72000122070312,216.6699981689453,216.41949462890625,93728300,APPLE
2024-06-18,217.58999633789062,218.6300048828125,213.0,214.2899932861328,214.042236328125,79943300,APPLE
2024-06-20,213.92999267578125,214.24000549316406,208.85000610351562,209.67999267578125,209.4375762939453,86172500,APPLE
2024-06-21,210.38999938964844,211.88999938964844,207.11000061035156,207.49000549316406,207.2501220703125,246421400,APPLE
2024-06-24,207.72000122070312,212.6999969482422,206.58999633789062,208.13999938964844,207.89935302734375,80727000,APPLE
2024-06-25,209.14999389648438,211.3800048828125,208.61000061035156,209.07000732421875,208.8282928466797,56713900,APPLE
2024-06-26,211.5,214.86000061035156,210.63999938964844,213.25,213.00344848632812,66213200,APPLE
2024-06-27,214.69000244140625,215.74000549316406,212.35000610351562,214.10000610351562,213.85247802734375,49772700,APPLE
2024-06-28,215.77000427246094,216.07000732421875,210.3000030517578,210.6199951171875,210.37648010253906,82542700,APPLE
2024-07-01,212.08999633789062,217.50999450683594,211.9199981689453,216.75,216.49940490722656,60402900,APPLE
2024-07-02,216.14999389648438,220.3800048828125,215.10000610351562,220.27000427246094,220.0153350830078,58046200,APPLE
2024-07-03,220.0,221.5500030517578,219.02999877929688,221.5500030517578,221.29385375976562,37369800,APPLE
2024-07-05,221.64999389648438,226.4499969482422,221.64999389648438,226.33999633789062,226.07830810546875,60412400,APPLE
2024-07-08,227.08999633789062,227.85000610351562,223.25,227.82000732421875,227.55661010742188,59085900,APPLE
2024-07-09,227.92999267578125,229.39999389648438,226.3699951171875,228.67999267578125,228.4156036376953,48076100,APPLE
2024-07-10,229.3000030517578,233.0800018310547,229.25,232.97999572753906,232.71063232421875,62627700,APPLE
2024-07-11,231.38999938964844,232.38999938964844,225.77000427246094,227.57000732421875,227.30690002441406,64710600,APPLE
2024-07-12,228.9199981689453,232.63999938964844,228.67999267578125,230.5399932861328,230.27345275878906,53046500,APPLE
2024-07-15,236.47999572753906,237.22999572753906,233.08999633789062,234.39999389648438,234.12899780273438,62631300,APPLE
2024-07-16,235.0,236.27000427246094,232.3300018310547,234.82000732421875,234.54852294921875,43234300,APPLE
2024-07-17,229.4499969482422,231.4600067138672,226.63999938964844,228.8800048828125,228.61538696289062,57345900,APPLE
2024-07-18,230.27999877929688,230.44000244140625,222.27000427246094,224.17999267578125,223.92080688476562,66034600,APPLE
2024-07-19,224.82000732421875,226.8000030517578,223.27999877929688,224.30999755859375,224.0506591796875,49151500,APPLE
2024-07-22,227.00999450683594,227.77999877929688,223.08999633789062,223.9600067138672,223.70108032226562,48201800,APPLE
2024-07-23,224.3699951171875,226.94000244140625,222.67999267578125,225.00999450683594,224.74984741210938,39960300,APPLE
2024-07-24,224.0,224.8000030517578,217.1300048828125,218.5399932861328,218.28732299804688,61777600,APPLE
2024-07-25,218.92999267578125,220.85000610351562,214.6199951171875,217.49000549316406,217.23855590820312,51391200,APPLE
2024-07-26,218.6999969482422,219.49000549316406,216.00999450683594,217.9600067138672,217.7080078125,41601300,APPLE
2024-07-29,216.9600067138672,219.3000030517578,215.75,218.24000549316406,217.98768615722656,36311800,APPLE
2024-07-30,219.19000244140625,220.3300018310547,216.1199951171875,218.8000030517578,218.5470428466797,41643800,APPLE
2024-07-31,221.44000244140625,223.82000732421875,220.6300048828125,222.0800018310547,221.8232421875,50036300,APPLE
2024-08-01,224.3699951171875,224.47999572753906,217.02000427246094,218.36000061035156,218.1075439453125,62501000,APPLE
2024-08-02,219.14999389648438,225.60000610351562,217.7100067138672,219.86000061035156,219.60580444335938,105568600,APPLE
2024-08-05,199.08999633789062,213.5,196.0,209.27000427246094,209.02806091308594,119548600,APPLE
2024-08-06,205.3000030517578,209.99000549316406,201.07000732421875,207.22999572753906,206.9904022216797,69660500,APPLE
2024-08-07,206.89999389648438,213.63999938964844,206.38999938964844,209.82000732421875,209.57742309570312,63516400,APPLE
2024-08-08,213.11000061035156,214.1999969482422,208.8300018310547,213.30999755859375,213.06338500976562,47161100,APPLE
2024-08-09,212.10000610351562,216.77999877929688,211.97000122070312,216.24000549316406,215.99000549316406,42201600,APPLE
2024-08-12,216.07000732421875,219.50999450683594,215.60000610351562,217.52999877929688,217.52999877929688,38028100,APPLE
2024-08-13,219.00999450683594,221.88999938964844,219.00999450683594,221.27000427246094,221.27000427246094,44155300,APPLE
2024-08-14,220.57000732421875,223.02999877929688,219.6999969482422,221.72000122070312,221.72000122070312,41960600,APPLE
2024-08-15,224.60000610351562,225.35000610351562,222.75999450683594,224.72000122070312,224.72000122070312,46414000,APPLE
2024-08-16,223.9199981689453,226.8300018310547,223.64999389648438,226.0500030517578,226.0500030517578,44340200,APPLE
2024-08-19,225.72000122070312,225.99000549316406,223.0399932861328,225.88999938964844,225.88999938964844,40687800,APPLE
2024-08-20,225.77000427246094,227.1699981689453,225.4499969482422,226.50999450683594,226.50999450683594,30299000,APPLE
2024-08-21,226.52000427246094,227.97999572753906,225.0500030517578,226.39999389648438,226.39999389648438,34765500,APPLE
2024-08-22,227.7899932861328,228.33999633789062,223.89999389648438,224.52999877929688,224.52999877929688,43695300,APPLE
2024-08-23,225.66000366210938,228.22000122070312,224.3300018310547,226.83999633789062,226.83999633789062,38629400,APPLE
2023-08-25,130.13999938964844,131.39999389648438,128.0399932861328,130.69000244140625,130.5414581298828,20678100,GOOGLE
2023-08-28,132.0800018310547,133.24000549316406,130.85000610351562,131.7899932861328,131.64019775390625,16715500,GOOGLE
2023-08-29,132.9980010986328,137.2949981689453,132.97999572753906,135.49000549316406,135.33599853515625,30803300,GOOGLE
2023-08-30,135.57000732421875,137.25,135.02099609375,136.92999267578125,136.77435302734375,21773400,GOOGLE
2023-08-31,137.0500030517578,138.39999389648438,136.82000732421875,137.35000610351562,137.19387817382812,28147900,GOOGLE
2023-09-01,138.42999267578125,138.5800018310547,135.94000244140625,136.8000030517578,136.64450073242188,16665700,GOOGLE
2023-09-05,136.44000244140625,137.3699951171875,135.55999755859375,136.7100067138672,136.5546112060547,17730200,GOOGLE
2023-09-06,137.01499938964844,137.47999572753906,134.69000244140625,135.3699951171875,135.21612548828125,15814300,GOOGLE
2023-09-07,134.60000610351562,136.5800018310547,133.9600067138672,136.1999969482422,136.04518127441406,16976000,GOOGLE
2023-09-08,135.8699951171875,137.51499938964844,135.8699951171875,137.1999969482422,137.04405212402344,17810700,GOOGLE
2023-09-11,137.3800048828125,138.26400756835938,136.5500030517578,137.74000549316406,137.58343505859375,17180800,GOOGLE
2023-09-12,137.1300048828125,137.63999938964844,135.92999267578125,136.07000732421875,135.91534423828125,15212900,GOOGLE
2023-09-13,135.89999389648438,137.6999969482422,134.92999267578125,137.5,137.3437042236328,16394900,GOOGLE
2023-09-14,138.38999938964844,139.5500030517578,137.05999755859375,138.99000549316406,138.83201599121094,19064600,GOOGLE
2023-09-15,138.8000030517578,139.36000061035156,137.17999267578125,138.3000030517578,138.14280700683594,48947600,GOOGLE
2023-09-18,137.6300048828125,139.92999267578125,137.6300048828125,138.9600067138672,138.80206298828125,16233600,GOOGLE
2023-09-19,138.25,139.1750030517578,137.5,138.8300018310547,138.6721954345703,15479100,GOOGLE
2023-09-20,138.8300018310547,138.83999633789062,134.52000427246094,134.58999633789062,134.43701171875,21473500,GOOGLE
2023-09-21,132.38999938964844,133.19000244140625,131.08999633789062,131.36000061035156,131.210693359375,22042700,GOOGLE
2023-09-22,131.67999267578125,133.00999450683594,130.50999450683594,131.25,131.10081481933594,17348700,GOOGLE
2023-09-25,130.77000427246094,132.22000122070312,130.02999877929688,132.1699981689453,132.01976013183594,14650000,GOOGLE
2023-09-26,130.91400146484375,131.40499877929688,128.19000244140625,129.4499969482422,129.3028564453125,20378800,GOOGLE
2023-09-27,129.44000244140625,131.72000122070312,129.3800048828125,131.4600067138672,131.31057739257812,18764200,GOOGLE
2023-09-28,130.69000244140625,134.17999267578125,130.69000244140625,133.1300048828125,132.9786834716797,18201400,GOOGLE
2023-09-29,134.0800018310547,134.88999938964844,131.32000732421875,131.85000610351562,131.70013427734375,23224200,GOOGLE
2023-10-02,132.15499877929688,135.36000061035156,132.06500244140625,135.1699981689453,135.016357421875,19210400,GOOGLE
2023-10-03,134.92999267578125,135.24000549316406,132.81500244140625,133.3000030517578,133.1484832763672,19628700,GOOGLE
2023-10-04,133.66000366210938,136.57000732421875,133.42999267578125,136.27000427246094,136.1151123046875,22848000,GOOGLE
2023-10-05,136.1300048828125,136.5,134.4550018310547,135.99000549316406,135.83543395996094,15922900,GOOGLE
2023-10-06,134.94000244140625,139.18600463867188,134.94000244140625,138.72999572753906,138.5723114013672,20819300,GOOGLE
2023-10-09,137.99000549316406,139.97000122070312,136.6999969482422,139.5,139.3414306640625,16599100,GOOGLE
2023-10-10,139.50999450683594,140.74000549316406,138.42999267578125,139.1999969482422,139.04177856445312,19554900,GOOGLE
2023-10-11,139.85000610351562,142.22000122070312,139.83999633789062,141.6999969482422,141.53892517089844,20146300,GOOGLE
2023-10-12,142.16000366210938,142.3800048828125,139.4499969482422,140.2899932861328,140.13052368164062,18173100,GOOGLE
2023-10-13,140.64999389648438,141.33999633789062,137.97000122070312,138.5800018310547,138.4224853515625,19438700,GOOGLE
2023-10-16,139.72999572753906,140.90499877929688,139.32000732421875,140.49000549316406,140.330322265625,17345600,GOOGLE
2023-10-17,140.02999877929688,141.25,138.5290069580078,140.99000549316406,140.82974243164062,17424000,GOOGLE
2023-10-18,140.75,141.99000549316406,138.7050018310547,139.27999877929688,139.12168884277344,18304900,GOOGLE
2023-10-19,139.8000030517578,141.0050048828125,138.60000610351562,138.97999572753906,138.822021484375,21831200,GOOGLE
2023-10-20,138.58999633789062,139.0399932861328,136.2449951171875,136.74000549316406,136.58457946777344,24953900,GOOGLE
2023-10-23,136.22999572753906,139.02000427246094,135.11000061035156,137.89999389648438,137.74325561523438,20780700,GOOGLE
2023-10-24,139.16000366210938,140.7100067138672,138.75,140.1199951171875,139.96072387695312,26535200,GOOGLE
2023-10-25,129.77000427246094,130.10000610351562,126.08999633789062,126.66999816894531,126.52601623535156,58796100,GOOGLE
2023-10-26,124.47000122070312,125.45999908447266,122.31999969482422,123.44000244140625,123.29969024658203,33907400,GOOGLE
2023-10-27,124.02999877929688,124.44000244140625,121.45999908447266,123.4000015258789,123.25973510742188,37367700,GOOGLE
2023-10-30,124.45999908447266,126.55000305175781,123.87999725341797,125.75,125.60706329345703,24165600,GOOGLE
2023-10-31,126.2699966430664,126.55999755859375,123.92500305175781,125.30000305175781,125.15757751464844,21123400,GOOGLE
2023-11-01,125.33999633789062,127.73999786376953,124.92500305175781,127.56999969482422,127.42499542236328,26536600,GOOGLE
2023-11-02,129.55999755859375,130.08999633789062,128.11000061035156,128.5800018310547,128.43385314941406,24091700,GOOGLE
2023-11-03,129.08999633789062,130.72999572753906,129.00999450683594,130.3699951171875,130.2218017578125,19517900,GOOGLE
2023-11-06,130.22000122070312,131.55999755859375,129.92999267578125,131.4499969482422,131.3005828857422,15360400,GOOGLE
2023-11-07,131.97999572753906,133.27999877929688,131.13999938964844,132.39999389648438,132.24949645996094,19223800,GOOGLE
2023-11-08,132.36000061035156,133.5399932861328,132.16000366210938,133.25999450683594,133.1085205078125,15093600,GOOGLE
2023-11-09,133.36000061035156,133.9600067138672,131.50999450683594,131.69000244140625,131.54031372070312,17976500,GOOGLE
2023-11-10,131.52999877929688,134.27000427246094,130.8699951171875,134.05999755859375,133.90762329101562,20872900,GOOGLE
2023-11-13,133.36000061035156,134.11000061035156,132.77000427246094,133.63999938964844,133.48809814453125,16409900,GOOGLE
2023-11-14,135.64999389648438,137.24000549316406,135.10000610351562,135.42999267578125,135.27606201171875,22317300,GOOGLE
2023-11-15,136.63999938964844,136.83999633789062,135.3300018310547,136.3800048828125,136.22499084472656,15840900,GOOGLE
2023-11-16,136.9600067138672,138.8800048828125,136.0800018310547,138.6999969482422,138.54234313964844,17615100,GOOGLE
2023-11-17,137.82000732421875,138.0,135.47999572753906,136.94000244140625,136.7843475341797,25565300,GOOGLE
2023-11-20,135.5,138.4250030517578,135.49000549316406,137.9199981689453,137.7632293701172,19569400,GOOGLE
2023-11-21,137.94000244140625,138.96499633789062,137.7050018310547,138.6199951171875,138.46243286132812,17648100,GOOGLE
2023-11-22,139.10000610351562,141.10000610351562,139.0,140.02000427246094,139.86085510253906,17306400,GOOGLE
2023-11-24,139.5399932861328,139.677001953125,137.47000122070312,138.22000122070312,138.06289672851562,8828600,GOOGLE
2023-11-27,137.57000732421875,139.6300048828125,137.5399932861328,138.0500030517578,137.89308166503906,17886400,GOOGLE
2023-11-28,137.6300048828125,138.66000366210938,137.0399932861328,138.6199951171875,138.46243286132812,17046900,GOOGLE
2023-11-29,138.98500061035156,139.6699981689453,136.2949981689453,136.39999389648438,136.2449493408203,21014700,GOOGLE
2023-11-30,136.39999389648438,136.9600067138672,132.7899932861328,133.9199981689453,133.7677764892578,29913500,GOOGLE
2023-12-01,133.32000732421875,133.5,132.15199279785156,133.32000732421875,133.16847229003906,24258400,GOOGLE
2023-12-04,131.29400634765625,131.4499969482422,129.39999389648438,130.6300048828125,130.4815216064453,24117100,GOOGLE
2023-12-05,130.3699951171875,133.5399932861328,129.72999572753906,132.38999938964844,132.23951721191406,19235100,GOOGLE
2023-12-06,132.89999389648438,133.30999755859375,131.30999755859375,131.42999267578125,131.2805938720703,16360600,GOOGLE
2023-12-07,136.60000610351562,140.0,136.22999572753906,138.4499969482422,138.29263305664062,38419400,GOOGLE
2023-12-08,135.66000366210938,137.99000549316406,135.57000732421875,136.63999938964844,136.48468017578125,22990900,GOOGLE
2023-12-11,133.82000732421875,134.7899932861328,132.88999938964844,134.6999969482422,134.54689025878906,24502900,GOOGLE
2023-12-12,133.27000427246094,134.5399932861328,132.8300018310547,133.63999938964844,133.48809814453125,26584000,GOOGLE
2023-12-13,134.5449981689453,134.77999877929688,132.9499969482422,133.97000122070312,133.81771850585938,25414500,GOOGLE
2023-12-14,134.77000427246094,135.03500366210938,131.05999755859375,133.1999969482422,133.04859924316406,29619100,GOOGLE
2023-12-15,132.9199981689453,134.8300018310547,132.6300048828125,133.83999633789062,133.6878662109375,58569400,GOOGLE
2023-12-18,133.86000061035156,138.3800048828125,133.77000427246094,137.19000244140625,137.0340576171875,25699800,GOOGLE
2023-12-19,138.0,138.77000427246094,137.4499969482422,138.10000610351562,137.9430389404297,20661000,GOOGLE
2023-12-20,140.3300018310547,143.0780029296875,139.41000366210938,139.66000366210938,139.50125122070312,33507300,GOOGLE
2023-12-21,140.77000427246094,142.02999877929688,140.47300720214844,141.8000030517578,141.63882446289062,18101500,GOOGLE
2023-12-22,142.1300048828125,143.25,142.05499267578125,142.72000122070312,142.55776977539062,18494700,GOOGLE
2023-12-26,142.97999572753906,143.94500732421875,142.5,142.82000732421875,142.6576690673828,11170100,GOOGLE
2023-12-27,142.8300018310547,143.32000732421875,141.05099487304688,141.44000244140625,141.27923583984375,17288400,GOOGLE
2023-12-28,141.85000610351562,142.27000427246094,140.8280029296875,141.27999877929688,141.11941528320312,12192500,GOOGLE
2023-12-29,140.67999267578125,141.43499755859375,139.89999389648438,140.92999267578125,140.76980590820312,14872700,GOOGLE
2024-01-02,139.60000610351562,140.61500549316406,137.74000549316406,139.55999755859375,139.4013671875,20071900,GOOGLE
2024-01-03,138.60000610351562,141.08999633789062,138.42999267578125,140.36000061035156,140.20045471191406,18974300,GOOGLE
2024-01-04,139.85000610351562,140.63499450683594,138.00999450683594,138.0399932861328,137.88308715820312,18253300,GOOGLE
2024-01-05,138.3520050048828,138.80999755859375,136.85000610351562,137.38999938964844,137.2338409423828,15433200,GOOGLE
2024-01-08,138.0,140.63999938964844,137.8800048828125,140.52999877929688,140.37026977539062,17645300,GOOGLE
2024-01-09,140.05999755859375,142.8000030517578,139.7899932861328,142.55999755859375,142.39794921875,19579700,GOOGLE
2024-01-10,142.52000427246094,144.52499389648438,142.4600067138672,143.8000030517578,143.6365509033203,16641900,GOOGLE
2024-01-11,144.89500427246094,146.66000366210938,142.21499633789062,143.6699981689453,143.50669860839844,17471100,GOOGLE
2024-01-12,144.33999633789062,144.74000549316406,143.36000061035156,144.24000549316406,144.0760498046875,13995200,GOOGLE
2024-01-16,143.42999267578125,145.83999633789062,143.05599975585938,144.0800018310547,143.91622924804688,19198900,GOOGLE
2024-01-17,142.91000366210938,143.41000366210938,140.50999450683594,142.88999938964844,142.7275848388672,17884500,GOOGLE
2024-01-18,143.44000244140625,145.5850067138672,143.35000610351562,144.99000549316406,144.8251953125,18876800,GOOGLE
2024-01-19,146.30499267578125,148.0399932861328,145.8000030517578,147.97000122070312,147.8018035888672,27170900,GOOGLE
2024-01-22,148.7100067138672,150.01499938964844,147.5800018310547,147.7100067138672,147.5421142578125,21829200,GOOGLE
2024-01-23,147.72000122070312,148.86000061035156,147.19000244140625,148.67999267578125,148.51100158691406,14113600,GOOGLE
2024-01-24,150.2899932861328,151.57000732421875,149.83999633789062,150.35000610351562,150.17910766601562,19245000,GOOGLE
2024-01-25,151.74000549316406,154.75999450683594,151.22000122070312,153.63999938964844,153.46536254882812,21495100,GOOGLE
2024-01-26,152.8699951171875,154.11000061035156,152.8000030517578,153.7899932861328,153.6151885986328,19494500,GOOGLE
2024-01-29,153.63999938964844,155.1999969482422,152.9199981689453,154.83999633789062,154.66400146484375,20909300,GOOGLE
2024-01-30,154.00999450683594,155.0399932861328,152.77499389648438,153.0500030517578,152.87603759765625,26578900,GOOGLE
2024-01-31,145.38999938964844,145.58999633789062,141.5500030517578,141.8000030517578,141.63882446289062,43908600,GOOGLE
2024-02-01,143.69000244140625,144.6199951171875,142.25999450683594,142.7100067138672,142.54779052734375,25526900,GOOGLE
2024-02-02,140.88999938964844,143.8800048828125,138.1699981689453,143.5399932861328,143.3768310546875,42116900,GOOGLE
2024-02-05,144.0399932861328,146.6699981689453,143.91000366210938,144.92999267578125,144.7652587890625,29254400,GOOGLE
2024-02-06,145.9600067138672,146.74000549316406,144.52000427246094,145.41000366210938,145.24472045898438,21517700,GOOGLE
2024-02-07,146.1199951171875,147.0,145.2100067138672,146.67999267578125,146.5132598876953,21436100,GOOGLE
2024-02-08,146.97000122070312,147.61000061035156,146.4199981689453,147.22000122070312,147.0526580810547,18241300,GOOGLE
2024-02-09,147.9499969482422,150.69500732421875,147.42999267578125,150.22000122070312,150.04925537109375,21877700,GOOGLE
2024-02-12,149.5399932861328,150.58999633789062,148.55999755859375,148.72999572753906,148.56094360351562,17236100,GOOGLE
2024-02-13,146.07000732421875,148.0399932861328,145.11000061035156,146.3699951171875,146.20362854003906,18138500,GOOGLE
2024-02-14,147.3699951171875,147.8300018310547,145.55499267578125,147.13999938964844,146.97274780273438,16651800,GOOGLE
2024-02-15,144.4600067138672,144.75999450683594,141.8800048828125,143.94000244140625,143.77639770507812,26724300,GOOGLE
2024-02-16,144.2100067138672,144.47999572753906,141.52000427246094,141.75999450683594,141.59886169433594,21849700,GOOGLE
2024-02-20,140.94000244140625,143.32899475097656,140.8000030517578,142.1999969482422,142.03836059570312,18625600,GOOGLE
2024-02-21,142.63999938964844,143.97999572753906,141.91000366210938,143.83999633789062,143.67649841308594,16499600,GOOGLE
2024-02-22,146.1199951171875,146.1999969482422,144.00999450683594,145.32000732421875,145.1548309326172,23024700,GOOGLE
2024-02-23,144.97000122070312,145.9550018310547,144.7899932861328,145.2899932861328,145.12484741210938,14519400,GOOGLE
2024-02-26,143.4499969482422,143.83999633789062,138.74000549316406,138.75,138.59228515625,33513000,GOOGLE
2024-02-27,139.41000366210938,140.49000549316406,138.5,140.10000610351562,139.94076538085938,22364000,GOOGLE
2024-02-28,139.10000610351562,139.27999877929688,136.63999938964844,137.42999267578125,137.27378845214844,30628700,GOOGLE
2024-02-29,138.35000610351562,139.9499969482422,137.57000732421875,139.77999877929688,139.62110900878906,35485000,GOOGLE
2024-03-01,139.61000061035156,140.0,137.97500610351562,138.0800018310547,137.9230499267578,28522000,GOOGLE
2024-03-04,136.5399932861328,136.6300048828125,132.86000061035156,134.1999969482422,134.04745483398438,43571500,GOOGLE
2024-03-05,132.74000549316406,134.02000427246094,131.5500030517578,133.77999877929688,133.6279296875,28447600,GOOGLE
2024-03-06,134.24000549316406,134.74000549316406,131.9499969482422,132.55999755859375,132.40931701660156,23175200,GOOGLE
2024-03-07,133.88999938964844,135.82000732421875,132.66000366210938,135.24000549316406,135.08628845214844,24107300,GOOGLE
2024-03-08,135.03500366210938,138.98500061035156,134.8000030517578,136.2899932861328,136.13507080078125,26472400,GOOGLE
2024-03-11,137.07000732421875,139.97999572753906,137.07000732421875,138.94000244140625,138.78207397460938,22536400,GOOGLE
2024-03-12,138.25,140.27999877929688,138.2100067138672,139.6199951171875,139.46128845214844,19019700,GOOGLE
2024-03-13,140.05999755859375,142.19000244140625,140.00999450683594,140.77000427246094,140.61000061035156,19637000,GOOGLE
2024-03-14,142.3000030517578,144.72999572753906,141.48500061035156,144.33999633789062,144.17593383789062,36117900,GOOGLE
2024-03-15,143.41000366210938,144.33999633789062,141.1300048828125,142.1699981689453,142.00839233398438,41025900,GOOGLE
2024-03-18,149.3699951171875,152.92999267578125,148.13999938964844,148.47999572753906,148.31121826171875,47676700,GOOGLE
2024-03-19,148.97999572753906,149.6199951171875,147.00999450683594,147.9199981689453,147.75186157226562,17748400,GOOGLE
2024-03-20,148.7899932861328,149.75999450683594,147.6649932861328,149.67999267578125,149.50985717773438,17730000,GOOGLE
2024-03-21,150.32000732421875,151.30499267578125,148.00999450683594,148.74000549316406,148.57093811035156,19843900,GOOGLE
2024-03-22,150.24000549316406,152.55999755859375,150.08999633789062,151.77000427246094,151.5974884033203,19226300,GOOGLE
2024-03-25,150.9499969482422,151.45599365234375,148.8000030517578,151.14999389648438,150.9781951904297,15114700,GOOGLE
2024-03-26,151.24000549316406,153.1999969482422,151.02999877929688,151.6999969482422,151.52757263183594,19312700,GOOGLE
2024-03-27,152.14500427246094,152.69000244140625,150.1300048828125,151.94000244140625,151.76730346679688,16622000,GOOGLE
2024-03-28,152.0,152.6699981689453,151.3300018310547,152.25999450683594,152.08692932128906,21105600,GOOGLE
2024-04-01,151.8300018310547,157.0,151.64999389648438,156.5,156.32211303710938,24469800,GOOGLE
2024-04-02,154.75,155.99000549316406,153.4600067138672,155.8699951171875,155.6928253173828,17598100,GOOGLE
2024-04-03,154.9199981689453,156.5500030517578,154.1320037841797,156.3699951171875,156.1922607421875,17266200,GOOGLE
2024-04-04,155.0800018310547,156.17999267578125,151.8800048828125,151.94000244140625,151.76730346679688,24184800,GOOGLE
2024-04-05,151.67999267578125,154.83999633789062,151.08099365234375,153.94000244140625,153.76502990722656,16289800,GOOGLE
2024-04-08,154.01499938964844,156.65499877929688,153.99000549316406,156.13999938964844,155.9625244140625,16641500,GOOGLE
2024-04-09,157.35000610351562,159.88999938964844,156.63999938964844,158.13999938964844,157.9602508544922,21538100,GOOGLE
2024-04-10,157.8800048828125,158.16000366210938,156.1999969482422,157.66000366210938,157.48080444335938,16339200,GOOGLE
2024-04-11,158.33999633789062,161.1199951171875,157.92999267578125,160.7899932861328,160.6072235107422,17841700,GOOGLE
2024-04-12,159.40499877929688,161.6999969482422,158.60000610351562,159.19000244140625,159.00906372070312,16968200,GOOGLE
2024-04-15,160.27999877929688,160.8300018310547,156.14999389648438,156.3300018310547,156.15231323242188,21140900,GOOGLE
2024-04-16,155.63999938964844,157.22999572753906,155.0500030517578,156.0,155.8226776123047,15413200,GOOGLE
2024-04-17,157.19000244140625,158.68099975585938,156.13499450683594,156.8800048828125,156.70169067382812,16237800,GOOGLE
2024-04-18,156.9250030517578,158.48500061035156,156.2100067138672,157.4600067138672,157.28102111816406,14016100,GOOGLE
2024-04-19,157.75,157.99000549316406,153.91000366210938,155.72000122070312,155.54299926757812,20063900,GOOGLE
2024-04-22,156.00999450683594,159.18499755859375,155.66000366210938,157.9499969482422,157.7704620361328,17243900,GOOGLE
2024-04-23,158.58999633789062,160.47999572753906,157.96499633789062,159.9199981689453,159.73822021484375,16115400,GOOGLE
2024-04-24,159.08999633789062,161.38999938964844,158.82000732421875,161.10000610351562,160.91688537597656,19485700,GOOGLE
2024-04-25,153.36000061035156,158.27999877929688,152.76800537109375,157.9499969482422,157.7704620361328,36197800,GOOGLE
2024-04-26,175.99000549316406,176.4199981689453,171.39999389648438,173.69000244140625,173.49256896972656,56500800,GOOGLE
2024-04-29,170.77000427246094,171.3800048828125,167.05999755859375,167.89999389648438,167.7091522216797,35914600,GOOGLE
2024-04-30,167.3800048828125,169.8699951171875,164.5,164.63999938964844,164.45286560058594,29420800,GOOGLE
2024-05-01,166.17999267578125,168.80999755859375,164.89999389648438,165.57000732421875,165.38180541992188,25223200,GOOGLE
2024-05-02,166.6699981689453,168.52999877929688,165.69000244140625,168.4600067138672,168.26852416992188,17041100,GOOGLE
2024-05-03,169.5399932861328,169.85000610351562,164.97999572753906,168.99000549316406,168.7979278564453,22767100,GOOGLE
2024-05-06,169.22000122070312,169.89999389648438,167.88999938964844,169.8300018310547,169.636962890625,15147900,GOOGLE
2024-05-07,170.1199951171875,173.47000122070312,170.0,172.97999572753906,172.7833709716797,21102400,GOOGLE
2024-05-08,170.75,171.90899658203125,170.52200317382812,171.16000366210938,170.9654541015625,14569900,GOOGLE
2024-05-09,171.14999389648438,172.44000244140625,169.92999267578125,171.5800018310547,171.38497924804688,11937700,GOOGLE
2024-05-10,169.69000244140625,171.33999633789062,167.91000366210938,170.2899932861328,170.096435546875,18740500,GOOGLE
2024-05-13,165.8470001220703,170.9499969482422,165.75999450683594,170.89999389648438,170.7057342529297,19648600,GOOGLE
2024-05-14,171.58999633789062,172.77999877929688,170.4199981689453,171.92999267578125,171.7345733642578,18729500,GOOGLE
2024-05-15,172.3000030517578,174.04600524902344,172.02999877929688,173.8800048828125,173.68235778808594,20958200,GOOGLE
2024-05-16,174.60000610351562,176.33999633789062,174.0500030517578,175.42999267578125,175.2305908203125,17247300,GOOGLE
2024-05-17,175.5500030517578,177.4949951171875,174.97999572753906,177.2899932861328,177.08847045898438,16546400,GOOGLE
2024-05-20,177.30999755859375,179.9499969482422,177.22500610351562,178.4600067138672,178.2571563720703,17495100,GOOGLE
2024-05-21,178.39999389648438,179.82000732421875,177.30999755859375,179.5399932861328,179.33592224121094,14706000,GOOGLE
2024-05-22,178.39999389648438,178.8520050048828,176.77999877929688,178.0,177.79766845703125,16189400,GOOGLE
2024-05-23,178.77999877929688,179.91000366210938,174.5399932861328,175.05999755859375,174.8610076904297,14928400,GOOGLE
2024-05-24,176.52000427246094,177.3040008544922,175.1999969482422,176.3300018310547,176.12957763671875,11400600,GOOGLE
2024-05-28,175.74000549316406,178.50999450683594,175.67999267578125,178.02000427246094,177.81765747070312,15655300,GOOGLE
2024-05-29,176.80999755859375,178.22999572753906,176.25999450683594,177.39999389648438,177.19834899902344,15023800,GOOGLE
2024-05-30,176.69000244140625,176.69000244140625,173.22999572753906,173.55999755859375,173.3627166748047,18844000,GOOGLE
2024-05-31,173.39999389648438,174.4199981689453,170.97000122070312,173.9600067138672,173.76226806640625,28085200,GOOGLE
2024-06-03,173.8800048828125,175.86000061035156,172.4499969482422,174.4199981689453,174.22174072265625,20742800,GOOGLE
2024-06-04,174.4499969482422,175.19000244140625,173.22000122070312,175.1300048828125,174.93093872070312,14066600,GOOGLE
2024-06-05,176.53500366210938,177.97000122070312,175.2899932861328,177.07000732421875,176.86874389648438,15233900,GOOGLE
2024-06-06,177.42999267578125,178.7100067138672,177.2100067138672,178.35000610351562,178.14727783203125,14255800,GOOGLE
2024-06-07,178.4600067138672,179.4199981689453,175.7899932861328,175.9499969482422,175.75,14716300,GOOGLE
2024-06-10,176.4499969482422,178.47000122070312,174.3800048828125,176.6300048828125,176.6300048828125,17122200,GOOGLE
2024-06-11,177.72000122070312,178.38999938964844,175.44000244140625,178.19000244140625,178.19000244140625,14402400,GOOGLE
2024-06-12,179.75,182.0800018310547,177.77999877929688,179.55999755859375,179.55999755859375,18600400,GOOGLE
2024-06-13,177.83999633789062,178.50999450683594,176.66000366210938,176.74000549316406,176.74000549316406,15956900,GOOGLE
2024-06-14,175.8520050048828,178.72999572753906,175.8520050048828,178.3699951171875,178.3699951171875,12361600,GOOGLE
2024-06-17,176.97999572753906,179.9199981689453,176.49000549316406,178.77999877929688,178.77999877929688,15272900,GOOGLE
2024-06-18,178.7899932861328,178.91000366210938,175.6199951171875,176.4499969482422,176.4499969482422,15640300,GOOGLE
2024-06-20,176.7100067138672,178.74000549316406,176.4600067138672,177.7100067138672,177.7100067138672,16753200,GOOGLE
2024-06-21,178.49000549316406,182.51199340820312,178.05999755859375,180.25999450683594,180.25999450683594,59728000,GOOGLE
2024-06-24,181.27999877929688,182.0800018310547,180.22999572753906,180.7899932861328,180.7899932861328,18198300,GOOGLE
2024-06-25,181.14500427246094,185.75,181.10499572753906,185.5800018310547,185.5800018310547,18917700,GOOGLE
2024-06-26,184.1999969482422,185.92999267578125,183.99000549316406,185.3699951171875,185.3699951171875,13375700,GOOGLE
2024-06-27,185.64500427246094,187.5,185.4499969482422,186.86000061035156,186.86000061035156,13025700,GOOGLE
2024-06-28,185.72000122070312,186.5800018310547,183.3249969482422,183.4199981689453,183.4199981689453,23032400,GOOGLE
2024-07-01,184.47999572753906,185.33999633789062,182.72999572753906,184.49000549316406,184.49000549316406,11815900,GOOGLE
2024-07-02,183.47000122070312,186.9499969482422,183.05999755859375,186.61000061035156,186.61000061035156,12555500,GOOGLE
2024-07-03,186.3000030517578,187.6199951171875,185.38499450683594,187.38999938964844,187.38999938964844,7409100,GOOGLE
2024-07-05,187.32000732421875,192.25999450683594,187.32000732421875,191.9600067138672,191.9600067138672,14303400,GOOGLE
2024-07-08,191.36500549316406,191.6790008544922,189.32000732421875,190.47999572753906,190.47999572753906,12097600,GOOGLE
2024-07-09,191.75,192.86000061035156,190.22999572753906,190.44000244140625,190.44000244140625,10198500,GOOGLE
2024-07-10,190.75,193.30999755859375,190.6199951171875,192.66000366210938,192.66000366210938,12052900,GOOGLE
2024-07-11,191.33999633789062,192.41000366210938,186.82000732421875,187.3000030517578,187.3000030517578,16452000,GOOGLE
2024-07-12,186.9199981689453,188.69000244140625,186.13999938964844,186.77999877929688,186.77999877929688,14449100,GOOGLE
2024-07-15,186.49000549316406,189.89999389648438,186.49000549316406,188.19000244140625,188.19000244140625,12186000,GOOGLE
2024-07-16,188.9600067138672,190.33999633789062,185.1199951171875,185.5,185.5,12760100,GOOGLE
2024-07-17,184.67999267578125,185.22999572753906,181.6199951171875,182.6199951171875,182.6199951171875,17376600,GOOGLE
2024-07-18,183.5399932861328,184.0500030517578,178.2100067138672,179.22000122070312,179.22000122070312,17877200,GOOGLE
2024-07-19,180.3699951171875,181.97000122070312,178.86000061035156,179.38999938964844,179.38999938964844,14485900,GOOGLE
2024-07-22,182.35000610351562,184.3000030517578,181.89999389648438,183.35000610351562,183.35000610351562,16303900,GOOGLE
2024-07-23,183.83999633789062,185.22000122070312,183.3300018310547,183.60000610351562,183.60000610351562,23772600,GOOGLE
2024-07-24,175.38999938964844,177.9499969482422,173.57000732421875,174.3699951171875,174.3699951171875,31250700,GOOGLE
2024-07-25,174.25,175.1999969482422,169.0500030517578,169.16000366210938,169.16000366210938,28967900,GOOGLE
2024-07-26,168.77000427246094,169.83999633789062,165.86500549316406,168.67999267578125,168.67999267578125,25150100,GOOGLE
2024-07-29,170.5,172.16000366210938,169.72000122070312,171.1300048828125,171.1300048828125,13768900,GOOGLE
2024-07-30,171.8300018310547,172.9499969482422,170.1199951171875,171.86000061035156,171.86000061035156,13681400,GOOGLE
2024-07-31,174.9199981689453,175.91000366210938,171.72000122070312,173.14999389648438,173.14999389648438,15650200,GOOGLE
2024-08-01,171.97999572753906,175.67999267578125,170.50999450683594,172.4499969482422,172.4499969482422,17177800,GOOGLE
2024-08-02,168.19000244140625,170.2100067138672,166.38999938964844,168.39999389648438,168.39999389648438,18907800,GOOGLE
2024-08-05,157.3699951171875,165.94000244140625,156.60000610351562,160.63999938964844,160.63999938964844,34907800,GOOGLE
2024-08-06,160.94500732421875,162.35000610351562,158.1300048828125,160.5399932861328,160.5399932861328,36146500,GOOGLE
2024-08-07,163.24000549316406,164.7899932861328,160.24000549316406,160.75,160.75,19334200,GOOGLE
2024-08-08,162.343994140625,165.5,162.02999877929688,163.83999633789062,163.83999633789062,15733600,GOOGLE
2024-08-09,161.64500427246094,165.52000427246094,160.92999267578125,165.38999938964844,165.38999938964844,13549200,GOOGLE
2024-08-12,165.9949951171875,166.6999969482422,163.5500030517578,163.9499969482422,163.9499969482422,12435000,GOOGLE
2024-08-13,165.18499755859375,166.5399932861328,164.77000427246094,165.92999267578125,165.92999267578125,12717600,GOOGLE
2024-08-14,164.2100067138672,164.9600067138672,159.52999877929688,162.02999877929688,162.02999877929688,22515900,GOOGLE
2024-08-15,162.2100067138672,163.52000427246094,161.49000549316406,163.1699981689453,163.1699981689453,18392500,GOOGLE
2024-08-16,163.41000366210938,166.9499969482422,163.0800018310547,164.74000549316406,164.74000549316406,16853100,GOOGLE
2024-08-19,167.0,168.47000122070312,166.08999633789062,168.39999389648438,168.39999389648438,13100800,GOOGLE
2024-08-20,168.74000549316406,170.41000366210938,168.66000366210938,168.9600067138672,168.9600067138672,12622500,GOOGLE
2024-08-21,166.99000549316406,168.63999938964844,166.57000732421875,167.6300048828125,167.6300048828125,15269600,GOOGLE
2024-08-22,169.0399932861328,169.4199981689453,165.02999877929688,165.49000549316406,165.49000549316406,19123800,GOOGLE
2024-08-23,166.5500030517578,167.9499969482422,165.66000366210938,167.42999267578125,167.42999267578125,14260500,GOOGLE
2023-08-25,321.4700012207031,325.3599853515625,318.79998779296875,322.9800109863281,320.57373046875,21684100,MICROSOFT
2023-08-28,325.6600036621094,326.1499938964844,321.7200012207031,323.70001220703125,321.28839111328125,14808500,MICROSOFT
2023-08-29,321.8800048828125,328.9800109863281,321.8800048828125,328.4100036621094,325.96331787109375,19284600,MICROSOFT
2023-08-30,328.6700134277344,329.80999755859375,326.45001220703125,328.7900085449219,326.3404541015625,15222100,MICROSOFT
2023-08-31,329.20001220703125,330.9100036621094,326.7799987792969,327.760009765625,325.31817626953125,26411000,MICROSOFT
2023-09-01,331.30999755859375,331.989990234375,326.7799987792969,328.6600036621094,326.2114562988281,14931200,MICROSOFT
2023-09-05,329.0,334.8500061035156,328.6600036621094,333.54998779296875,331.06500244140625,18553900,MICROSOFT
2023-09-06,333.3800048828125,334.4599914550781,330.17999267578125,332.8800048828125,330.4000244140625,17535800,MICROSOFT
2023-09-07,331.2900085449219,333.0799865722656,329.0299987792969,329.9100036621094,327.4521179199219,18381000,MICROSOFT
2023-09-08,330.0899963378906,336.1600036621094,329.4599914550781,334.2699890136719,331.77960205078125,19530100,MICROSOFT
2023-09-11,337.239990234375,338.4200134277344,335.42999267578125,337.94000244140625,335.42230224609375,16583300,MICROSOFT
2023-09-12,335.82000732421875,336.7900085449219,331.4800109863281,331.7699890136719,329.2982482910156,17565500,MICROSOFT
2023-09-13,331.30999755859375,336.8500061035156,331.1700134277344,336.05999755859375,333.5563049316406,16544400,MICROSOFT
2023-09-14,339.1499938964844,340.8599853515625,336.57000732421875,338.70001220703125,336.1766357421875,20267000,MICROSOFT
2023-09-15,336.9200134277344,337.3999938964844,329.6499938964844,330.2200012207031,327.75982666015625,37666900,MICROSOFT
2023-09-18,327.79998779296875,330.3999938964844,326.3599853515625,329.05999755859375,326.60845947265625,16834200,MICROSOFT
2023-09-19,326.1700134277344,329.3900146484375,324.510009765625,328.6499938964844,326.20147705078125,16505900,MICROSOFT
2023-09-20,329.510009765625,329.5899963378906,320.510009765625,320.7699890136719,318.38018798828125,21436500,MICROSOFT
2023-09-21,319.260009765625,325.3500061035156,315.0,319.5299987792969,317.1494445800781,35529500,MICROSOFT
2023-09-22,321.32000732421875,321.45001220703125,316.1499938964844,317.010009765625,314.64825439453125,21447900,MICROSOFT
2023-09-25,316.5899963378906,317.6700134277344,315.0,317.5400085449219,315.17431640625,17836000,MICROSOFT
2023-09-26,315.1300048828125,315.8800048828125,310.0199890136719,312.1400146484375,309.81451416015625,26297600,MICROSOFT
2023-09-27,312.29998779296875,314.29998779296875,309.69000244140625,312.7900085449219,310.4596862792969,19410100,MICROSOFT
2023-09-28,310.989990234375,315.4800109863281,309.45001220703125,313.6400146484375,311.3033447265625,19683600,MICROSOFT
2023-09-29,317.75,319.4700012207031,314.9800109863281,315.75,313.3975830078125,24140300,MICROSOFT
2023-10-02,316.2799987792969,321.8900146484375,315.17999267578125,321.79998779296875,319.40252685546875,20570000,MICROSOFT
2023-10-03,320.8299865722656,321.3900146484375,311.2099914550781,313.3900146484375,311.05523681640625,21033500,MICROSOFT
2023-10-04,314.0299987792969,320.0400085449219,314.0,318.9599914550781,316.5837097167969,20720100,MICROSOFT
2023-10-05,319.0899963378906,319.9800109863281,314.8999938964844,319.3599853515625,316.9806823730469,16965600,MICROSOFT
2023-10-06,316.54998779296875,329.19000244140625,316.29998779296875,327.260009765625,324.8218688964844,25645500,MICROSOFT
2023-10-09,324.75,330.29998779296875,323.17999267578125,329.82000732421875,327.36279296875,19891200,MICROSOFT
2023-10-10,330.9599914550781,331.1000061035156,327.6700134277344,328.3900146484375,325.9434814453125,20557100,MICROSOFT
2023-10-11,331.2099914550781,332.82000732421875,329.1400146484375,332.4200134277344,329.9434509277344,20063200,MICROSOFT
2023-10-12,330.57000732421875,333.6300048828125,328.7200012207031,331.1600036621094,328.6927795410156,19313100,MICROSOFT
2023-10-13,332.3800048828125,333.8299865722656,326.3599853515625,327.7300109863281,325.2884216308594,21072400,MICROSOFT
2023-10-16,331.04998779296875,336.1400146484375,330.6000061035156,332.6400146484375,330.1617736816406,22158000,MICROSOFT
2023-10-17,329.5899963378906,333.4599914550781,327.4100036621094,332.05999755859375,329.5860900878906,18338500,MICROSOFT
2023-10-18,332.489990234375,335.5899963378906,328.29998779296875,330.1099853515625,327.650634765625,23153600,MICROSOFT
2023-10-19,332.1499938964844,336.8800048828125,330.9100036621094,331.32000732421875,328.8516540527344,25052100,MICROSOFT
2023-10-20,331.7200012207031,331.9200134277344,325.45001220703125,326.6700134277344,324.2362976074219,25012600,MICROSOFT
2023-10-23,325.4700012207031,332.7300109863281,324.3900146484375,329.32000732421875,326.86651611328125,24374700,MICROSOFT
2023-10-24,331.29998779296875,331.8399963378906,327.6000061035156,330.5299987792969,328.0674743652344,31153600,MICROSOFT
2023-10-25,345.0199890136719,346.20001220703125,337.6199951171875,340.6700134277344,338.1319580078125,55053800,MICROSOFT
2023-10-26,340.5400085449219,341.6300048828125,326.94000244140625,327.8900146484375,325.4471740722656,37828500,MICROSOFT
2023-10-27,330.42999267578125,336.7200012207031,328.3999938964844,329.80999755859375,327.3528747558594,29856500,MICROSOFT
2023-10-30,333.4100036621094,339.45001220703125,331.8299865722656,337.30999755859375,334.7969970703125,22828100,MICROSOFT
2023-10-31,338.8500061035156,339.0,334.69000244140625,338.1099853515625,335.59100341796875,20265300,MICROSOFT
2023-11-01,339.7900085449219,347.4200134277344,339.6499938964844,346.07000732421875,343.49176025390625,28158800,MICROSOFT
2023-11-02,347.239990234375,348.8299865722656,344.7699890136719,348.32000732421875,345.7249755859375,24348100,MICROSOFT
2023-11-03,349.6300048828125,354.3900146484375,347.3299865722656,352.79998779296875,350.17156982421875,23624000,MICROSOFT
2023-11-06,353.45001220703125,357.5400085449219,353.3500061035156,356.5299987792969,353.8738098144531,23828300,MICROSOFT
2023-11-07,359.3999938964844,362.4599914550781,357.6300048828125,360.5299987792969,357.843994140625,25833900,MICROSOFT
2023-11-08,361.67999267578125,363.8699951171875,360.54998779296875,363.20001220703125,360.4941101074219,26767800,MICROSOFT
2023-11-09,362.29998779296875,364.7900085449219,360.3599853515625,360.69000244140625,358.0028076171875,24847300,MICROSOFT
2023-11-10,361.489990234375,370.1000061035156,361.07000732421875,369.6700134277344,366.9158935546875,28042100,MICROSOFT
2023-11-13,368.2200012207031,368.4700012207031,365.8999938964844,366.67999267578125,363.94818115234375,19986500,MICROSOFT
2023-11-14,371.010009765625,371.95001220703125,367.3500061035156,370.2699890136719,367.51141357421875,27683900,MICROSOFT
2023-11-15,371.2799987792969,373.1300048828125,367.1099853515625,369.6700134277344,367.6606140136719,26860100,MICROSOFT
2023-11-16,370.9599914550781,376.3500061035156,370.17999267578125,376.1700134277344,374.12530517578125,27182300,MICROSOFT
2023-11-17,373.6099853515625,374.3699951171875,367.0,369.8500061035156,367.83966064453125,40157000,MICROSOFT
2023-11-20,371.2200012207031,378.8699951171875,371.0,377.44000244140625,375.3883972167969,52465100,MICROSOFT
2023-11-21,375.6700134277344,376.2200012207031,371.1199951171875,373.07000732421875,371.0421447753906,28423100,MICROSOFT
2023-11-22,378.0,379.7900085449219,374.9700012207031,377.8500061035156,375.7961730957031,23345300,MICROSOFT
2023-11-24,377.3299865722656,377.9700012207031,375.1400146484375,377.42999267578125,375.37841796875,10176600,MICROSOFT
2023-11-27,376.7799987792969,380.6400146484375,376.20001220703125,378.6099853515625,376.552001953125,22179200,MICROSOFT
2023-11-28,378.3500061035156,383.0,378.1600036621094,382.70001220703125,380.61981201171875,20453100,MICROSOFT
2023-11-29,383.760009765625,384.29998779296875,377.44000244140625,378.8500061035156,376.7907409667969,28963400,MICROSOFT
2023-11-30,378.489990234375,380.0899963378906,375.4700012207031,378.9100036621094,376.85040283203125,30554400,MICROSOFT
2023-12-01,376.760009765625,378.1600036621094,371.30999755859375,374.510009765625,372.47430419921875,33020400,MICROSOFT
2023-12-04,369.1000061035156,369.5199890136719,362.8999938964844,369.1400146484375,367.1335144042969,32063300,MICROSOFT
2023-12-05,366.45001220703125,373.0799865722656,365.6199951171875,372.5199890136719,370.4951171875,23065000,MICROSOFT
2023-12-06,373.5400085449219,374.17999267578125,368.0299987792969,368.79998779296875,366.7953796386719,21182100,MICROSOFT
2023-12-07,368.2300109863281,371.45001220703125,366.32000732421875,370.95001220703125,368.9336853027344,23118900,MICROSOFT
2023-12-08,369.20001220703125,374.4599914550781,368.2300109863281,374.2300109863281,372.1958312988281,20144800,MICROSOFT
2023-12-11,368.4800109863281,371.6000061035156,366.1000061035156,371.29998779296875,369.28173828125,27708800,MICROSOFT
2023-12-12,370.8500061035156,374.4200134277344,370.4599914550781,374.3800048828125,372.3450012207031,24838300,MICROSOFT
2023-12-13,376.0199890136719,377.6400146484375,370.7699890136719,374.3699951171875,372.3350830078125,30955500,MICROSOFT
2023-12-14,373.30999755859375,373.760009765625,364.1300048828125,365.92999267578125,363.9409484863281,43277500,MICROSOFT
2023-12-15,366.8500061035156,372.3999938964844,366.2799987792969,370.7300109863281,368.7148742675781,78478200,MICROSOFT
2023-12-18,369.45001220703125,373.0,368.67999267578125,372.6499938964844,370.6244201660156,21802900,MICROSOFT
2023-12-19,371.489990234375,373.260009765625,369.8399963378906,373.260009765625,371.2311096191406,20603700,MICROSOFT
2023-12-20,375.0,376.0299987792969,370.5299987792969,370.6199951171875,368.6054382324219,26316700,MICROSOFT
2023-12-21,372.55999755859375,374.4100036621094,370.0400085449219,373.5400085449219,371.5096130371094,17708000,MICROSOFT
2023-12-22,373.67999267578125,375.17999267578125,372.7099914550781,374.5799865722656,372.5439147949219,17091100,MICROSOFT
2023-12-26,375.0,376.94000244140625,373.5,374.6600036621094,372.6235046386719,12673100,MICROSOFT
2023-12-27,373.69000244140625,375.05999755859375,372.80999755859375,374.07000732421875,372.0367126464844,14905400,MICROSOFT
2023-12-28,375.3699951171875,376.4599914550781,374.1600036621094,375.2799987792969,373.2401123046875,14327000,MICROSOFT
2023-12-29,376.0,377.1600036621094,373.4800109863281,376.0400085449219,373.9959716796875,18723000,MICROSOFT
2024-01-02,373.8599853515625,375.8999938964844,366.7699890136719,370.8699951171875,368.8540954589844,25258600,MICROSOFT
2024-01-03,369.010009765625,373.260009765625,368.510009765625,370.6000061035156,368.5855712890625,23083500,MICROSOFT
2024-01-04,370.6700134277344,373.1000061035156,367.1700134277344,367.94000244140625,365.94000244140625,20901500,MICROSOFT
2024-01-05,368.9700012207031,372.05999755859375,366.5,367.75,365.75103759765625,20987000,MICROSOFT
2024-01-08,369.29998779296875,375.20001220703125,369.010009765625,374.69000244140625,372.6533508300781,23134000,MICROSOFT
2024-01-09,372.010009765625,375.989990234375,371.19000244140625,375.7900085449219,373.7473449707031,20830000,MICROSOFT
2024-01-10,376.3699951171875,384.1700134277344,376.32000732421875,382.7699890136719,380.68939208984375,25514200,MICROSOFT
2024-01-11,386.0,390.67999267578125,380.3800048828125,384.6300048828125,382.5393371582031,27850800,MICROSOFT
2024-01-12,385.489990234375,388.67999267578125,384.6499938964844,388.4700012207031,386.3584289550781,21645700,MICROSOFT
2024-01-16,393.6600036621094,394.0299987792969,387.6199951171875,390.2699890136719,388.1486511230469,27202300,MICROSOFT
2024-01-17,387.9800109863281,390.1099853515625,384.80999755859375,389.4700012207031,387.3529968261719,22234100,MICROSOFT
2024-01-18,391.7200012207031,393.989990234375,390.1199951171875,393.8699951171875,391.72906494140625,23392100,MICROSOFT
2024-01-19,395.760009765625,398.6700134277344,393.5,398.6700134277344,396.50299072265625,29272000,MICROSOFT
2024-01-22,400.0199890136719,400.6199951171875,393.5899963378906,396.510009765625,394.3547668457031,27016900,MICROSOFT
2024-01-23,395.75,399.3800048828125,393.92999267578125,398.8999938964844,396.73175048828125,20525900,MICROSOFT
2024-01-24,401.5400085449219,405.6300048828125,400.45001220703125,402.55999755859375,400.3718566894531,24867000,MICROSOFT
2024-01-25,404.32000732421875,407.010009765625,402.5299987792969,404.8699951171875,402.6692810058594,21021200,MICROSOFT
2024-01-26,404.3699951171875,406.1700134277344,402.42999267578125,403.92999267578125,401.734375,17803300,MICROSOFT
2024-01-29,406.05999755859375,409.9800109863281,404.3299865722656,409.7200012207031,407.4928894042969,24510200,MICROSOFT
2024-01-30,412.260009765625,413.04998779296875,406.45001220703125,408.5899963378906,406.36907958984375,33477600,MICROSOFT
2024-01-31,406.9599914550781,415.32000732421875,397.2099914550781,397.5799865722656,395.4189147949219,47871100,MICROSOFT
2024-02-01,401.8299865722656,408.0,401.79998779296875,403.7799987792969,401.585205078125,30657700,MICROSOFT
2024-02-02,403.80999755859375,412.6499938964844,403.55999755859375,411.2200012207031,408.9847717285156,28245000,MICROSOFT
2024-02-05,409.8999938964844,411.1600036621094,403.989990234375,405.6499938964844,403.4450378417969,25352300,MICROSOFT
2024-02-06,405.8800048828125,407.9700012207031,402.9100036621094,405.489990234375,403.285888671875,18382600,MICROSOFT
2024-02-07,407.44000244140625,414.29998779296875,407.3999938964844,414.04998779296875,411.7994079589844,22340500,MICROSOFT
2024-02-08,414.04998779296875,415.55999755859375,412.5299987792969,414.1099853515625,411.8590393066406,21225300,MICROSOFT
2024-02-09,415.25,420.82000732421875,415.0899963378906,420.54998779296875,418.2640380859375,22032800,MICROSOFT
2024-02-12,420.55999755859375,420.739990234375,414.75,415.260009765625,413.0028076171875,21202900,MICROSOFT
2024-02-13,404.94000244140625,410.07000732421875,403.3900146484375,406.32000732421875,404.1114196777344,27824900,MICROSOFT
2024-02-14,408.07000732421875,409.8399963378906,404.57000732421875,409.489990234375,408.0173034667969,20401200,MICROSOFT
2024-02-15,408.1400146484375,409.1300048828125,404.2900085449219,406.55999755859375,405.09783935546875,21825500,MICROSOFT
2024-02-16,407.9599914550781,408.2900085449219,403.44000244140625,404.05999755859375,402.6068420410156,22281100,MICROSOFT
2024-02-20,403.239990234375,404.489990234375,398.010009765625,402.7900085449219,401.3414001464844,24307900,MICROSOFT
2024-02-21,400.1700134277344,402.2900085449219,397.2200012207031,402.17999267578125,400.73358154296875,18631100,MICROSOFT
2024-02-22,410.19000244140625,412.8299865722656,408.57000732421875,411.6499938964844,410.1695251464844,27009900,MICROSOFT
2024-02-23,415.6700134277344,415.8599853515625,408.9700012207031,410.3399963378906,408.8642578125,16295900,MICROSOFT
2024-02-26,411.4599914550781,412.1600036621094,407.3599853515625,407.5400085449219,406.0743408203125,16193500,MICROSOFT
2024-02-27,407.989990234375,408.32000732421875,403.8500061035156,407.4800109863281,406.0145263671875,14835800,MICROSOFT
2024-02-28,408.17999267578125,409.29998779296875,405.32000732421875,407.7200012207031,406.253662109375,13183100,MICROSOFT
2024-02-29,408.6400146484375,414.20001220703125,405.9200134277344,413.6400146484375,412.15240478515625,31947300,MICROSOFT
2024-03-01,411.2699890136719,415.8699951171875,410.8800048828125,415.5,414.00567626953125,17800300,MICROSOFT
2024-03-04,413.44000244140625,417.3500061035156,412.32000732421875,414.9200134277344,413.42779541015625,17596000,MICROSOFT
2024-03-05,413.9599914550781,414.25,400.6400146484375,402.6499938964844,401.2018737792969,26919200,MICROSOFT
2024-03-06,402.9700012207031,405.1600036621094,398.3900146484375,402.0899963378906,400.6438903808594,22344100,MICROSOFT
2024-03-07,406.1199951171875,409.7799987792969,402.239990234375,409.1400146484375,407.6686096191406,18718500,MICROSOFT
2024-03-08,407.9599914550781,410.4200134277344,404.3299865722656,406.2200012207031,404.7590637207031,17971700,MICROSOFT
2024-03-11,403.760009765625,405.67999267578125,401.260009765625,404.5199890136719,403.0651550292969,16120800,MICROSOFT
2024-03-12,407.6199951171875,415.57000732421875,406.7900085449219,415.2799987792969,413.7864685058594,22457000,MICROSOFT
2024-03-13,418.1000061035156,418.17999267578125,411.45001220703125,415.1000061035156,413.6071472167969,17115900,MICROSOFT
2024-03-14,420.239990234375,427.82000732421875,417.989990234375,425.2200012207031,423.69073486328125,34157300,MICROSOFT
2024-03-15,419.2900085449219,422.6000061035156,412.7900085449219,416.4200134277344,414.9223937988281,45049800,MICROSOFT
2024-03-18,414.25,420.7300109863281,413.7799987792969,417.32000732421875,415.81915283203125,20106000,MICROSOFT
2024-03-19,417.8299865722656,421.6700134277344,415.54998779296875,421.4100036621094,419.8944396972656,19837900,MICROSOFT
2024-03-20,422.0,425.9599914550781,420.6600036621094,425.2300109863281,423.7007141113281,17860100,MICROSOFT
2024-03-21,429.8299865722656,430.82000732421875,427.1600036621094,429.3699951171875,427.8258056640625,21296200,MICROSOFT
2024-03-22,429.70001220703125,429.8599853515625,426.07000732421875,428.739990234375,427.19805908203125,17636500,MICROSOFT
2024-03-25,425.239990234375,427.4100036621094,421.6099853515625,422.8599853515625,421.3392028808594,18060500,MICROSOFT
2024-03-26,425.6099853515625,425.989990234375,421.3500061035156,421.6499938964844,420.133544921875,16725600,MICROSOFT
2024-03-27,424.44000244140625,424.45001220703125,419.010009765625,421.42999267578125,419.9143371582031,16705000,MICROSOFT
2024-03-28,420.9599914550781,421.8699951171875,419.1199951171875,420.7200012207031,419.2069091796875,21871200,MICROSOFT
2024-04-01,423.95001220703125,427.8900146484375,422.2200012207031,424.57000732421875,423.0430908203125,16316000,MICROSOFT
2024-04-02,420.1099853515625,422.3800048828125,417.8399963378906,421.44000244140625,419.9243469238281,17912000,MICROSOFT
2024-04-03,419.7300109863281,423.260009765625,419.0899963378906,420.45001220703125,418.9378967285156,16502300,MICROSOFT
2024-04-04,424.989990234375,428.6700134277344,417.57000732421875,417.8800048828125,416.37713623046875,19370900,MICROSOFT
2024-04-05,420.010009765625,426.510009765625,418.32000732421875,425.5199890136719,423.9896545410156,16544300,MICROSOFT
2024-04-08,425.1700134277344,427.2799987792969,423.29998779296875,424.5899963378906,423.06298828125,14272400,MICROSOFT
2024-04-09,426.44000244140625,427.739990234375,421.6199951171875,426.2799987792969,424.7469177246094,12512300,MICROSOFT
2024-04-10,422.19000244140625,424.0299987792969,419.70001220703125,423.260009765625,421.73779296875,16216600,MICROSOFT
2024-04-11,425.82000732421875,429.3699951171875,422.3599853515625,427.92999267578125,426.3909912109375,17966400,MICROSOFT
2024-04-12,424.04998779296875,425.17999267578125,419.7699890136719,421.8999938964844,420.3826904296875,19232100,MICROSOFT
2024-04-15,426.6000061035156,426.82000732421875,413.42999267578125,413.6400146484375,412.15240478515625,20273500,MICROSOFT
2024-04-16,414.57000732421875,418.3999938964844,413.7300109863281,414.5799865722656,413.0889892578125,16765600,MICROSOFT
2024-04-17,417.25,418.8800048828125,410.3299865722656,411.8399963378906,410.3588562011719,15855500,MICROSOFT
2024-04-18,410.6300048828125,411.8900146484375,403.95001220703125,404.2699890136719,402.8160705566406,21029900,MICROSOFT
2024-04-19,404.0299987792969,405.4800109863281,397.7699890136719,399.1199951171875,397.6846008300781,30276500,MICROSOFT
2024-04-22,400.0799865722656,402.8500061035156,395.75,400.9599914550781,399.5179748535156,20286900,MICROSOFT
2024-04-23,404.239990234375,408.20001220703125,403.05999755859375,407.57000732421875,406.1042175292969,15734500,MICROSOFT
2024-04-24,409.55999755859375,412.4700012207031,406.7799987792969,409.05999755859375,407.5888366699219,15065300,MICROSOFT
2024-04-25,394.0299987792969,399.8900146484375,388.0299987792969,399.0400085449219,397.6048889160156,40586500,MICROSOFT
2024-04-26,412.1700134277344,413.0,405.760009765625,406.32000732421875,404.8587341308594,29694700,MICROSOFT
2024-04-29,405.25,406.32000732421875,399.19000244140625,402.25,400.8033447265625,19582100,MICROSOFT
2024-04-30,401.489990234375,402.1600036621094,389.1700134277344,389.3299865722656,387.9297790527344,28781400,MICROSOFT
2024-05-01,392.6099853515625,401.7200012207031,390.30999755859375,394.94000244140625,393.5196228027344,23562500,MICROSOFT
2024-05-02,397.6600036621094,399.92999267578125,394.6499938964844,397.8399963378906,396.4092102050781,17709400,MICROSOFT
2024-05-03,402.2799987792969,407.1499938964844,401.8599853515625,406.6600036621094,405.1974792480469,17446700,MICROSOFT
2024-05-06,408.760009765625,413.92999267578125,406.3699951171875,413.5400085449219,412.0527648925781,16996600,MICROSOFT
2024-05-07,414.6600036621094,414.6700134277344,409.0899963378906,409.3399963378906,407.86785888671875,20018200,MICROSOFT
2024-05-08,408.1700134277344,412.2300109863281,406.7099914550781,410.5400085449219,409.06353759765625,11792300,MICROSOFT
2024-05-09,410.57000732421875,412.7200012207031,409.1000061035156,412.32000732421875,410.8371276855469,14689700,MICROSOFT
2024-05-10,412.94000244140625,415.3800048828125,411.79998779296875,414.739990234375,413.2484130859375,13402300,MICROSOFT
2024-05-13,418.010009765625,418.3500061035156,410.82000732421875,413.7200012207031,412.2320861816406,15440200,MICROSOFT
2024-05-14,412.0199890136719,417.489990234375,411.54998779296875,416.55999755859375,415.0618896484375,15109300,MICROSOFT
2024-05-15,417.8999938964844,423.80999755859375,417.2699890136719,423.0799865722656,422.31878662109375,22239500,MICROSOFT
2024-05-16,421.79998779296875,425.4200134277344,420.3500061035156,420.989990234375,420.2325744628906,17530100,MICROSOFT
2024-05-17,422.5400085449219,422.9200134277344,418.0299987792969,420.2099914550781,419.4539489746094,15352200,MICROSOFT
2024-05-20,420.2099914550781,426.7699890136719,419.989990234375,425.3399963378906,424.5747375488281,16272100,MICROSOFT
2024-05-21,426.8299865722656,432.9700012207031,424.8500061035156,429.0400085449219,428.2680969238281,21453300,MICROSOFT
2024-05-22,430.0899963378906,432.4100036621094,427.1300048828125,430.5199890136719,429.74542236328125,18073700,MICROSOFT
2024-05-23,432.9700012207031,433.6000061035156,425.4200134277344,427.0,426.23175048828125,17211700,MICROSOFT
2024-05-24,427.19000244140625,431.05999755859375,424.4100036621094,430.1600036621094,429.3860778808594,11845800,MICROSOFT
2024-05-28,429.6300048828125,430.82000732421875,426.6000061035156,430.32000732421875,429.5457763671875,15718000,MICROSOFT
2024-05-29,425.69000244140625,430.94000244140625,425.69000244140625,429.1700134277344,428.3978576660156,15517100,MICROSOFT
2024-05-30,424.29998779296875,424.29998779296875,414.239990234375,414.6700134277344,413.9239501953125,28424800,MICROSOFT
2024-05-31,416.75,416.75,404.510009765625,415.1300048828125,414.38311767578125,47995300,MICROSOFT
2024-06-03,415.5299987792969,416.42999267578125,408.9200134277344,413.5199890136719,412.7760009765625,17484700,MICROSOFT
2024-06-04,412.42999267578125,416.44000244140625,409.67999267578125,416.07000732421875,415.3214416503906,14348900,MICROSOFT
2024-06-05,417.80999755859375,424.0799865722656,416.29998779296875,424.010009765625,423.24713134765625,16988000,MICROSOFT
2024-06-06,424.010009765625,425.30999755859375,420.5799865722656,424.5199890136719,423.7561950683594,14861300,MICROSOFT
2024-06-07,426.20001220703125,426.2799987792969,423.0,423.8500061035156,423.0874328613281,13621700,MICROSOFT
2024-06-10,424.70001220703125,428.0799865722656,423.8900146484375,427.8699951171875,427.1001892089844,14003000,MICROSOFT
2024-06-11,425.4800109863281,432.82000732421875,425.25,432.67999267578125,431.9015197753906,14551100,MICROSOFT
2024-06-12,435.32000732421875,443.3999938964844,433.25,441.05999755859375,440.2664489746094,22366200,MICROSOFT
2024-06-13,440.8500061035156,443.3900146484375,439.3699951171875,441.5799865722656,440.7855224609375,15960600,MICROSOFT
2024-06-14,438.2799987792969,443.1400146484375,436.7200012207031,442.57000732421875,441.77374267578125,13582000,MICROSOFT
2024-06-17,442.5899963378906,450.94000244140625,440.7200012207031,448.3699951171875,447.56329345703125,20790000,MICROSOFT
2024-06-18,449.7099914550781,450.1400146484375,444.8900146484375,446.3399963378906,445.5369567871094,17112500,MICROSOFT
2024-06-20,446.29998779296875,446.5299987792969,441.2699890136719,445.70001220703125,444.89813232421875,19877400,MICROSOFT
2024-06-21,447.3800048828125,450.5799865722656,446.510009765625,449.7799987792969,448.97076416015625,34486200,MICROSOFT
2024-06-24,449.79998779296875,452.75,446.4100036621094,447.6700134277344,446.8645935058594,15913700,MICROSOFT
2024-06-25,448.25,451.4200134277344,446.75,450.95001220703125,450.138671875,16747500,MICROSOFT
2024-06-26,449.0,453.6000061035156,448.19000244140625,452.1600036621094,451.34649658203125,16507000,MICROSOFT
2024-06-27,452.17999267578125,456.1700134277344,451.7699890136719,452.8500061035156,452.0352478027344,14806300,MICROSOFT
2024-06-28,453.07000732421875,455.3800048828125,446.4100036621094,446.95001220703125,446.1458740234375,28362300,MICROSOFT
2024-07-01,448.6600036621094,457.3699951171875,445.6600036621094,456.7300109863281,455.90826416015625,17662800,MICROSOFT
2024-07-02,453.20001220703125,459.5899963378906,453.1099853515625,459.2799987792969,458.45367431640625,13979800,MICROSOFT
2024-07-03,458.19000244140625,461.0199890136719,457.8800048828125,460.7699890136719,459.94097900390625,9932800,MICROSOFT
2024-07-05,459.6099853515625,468.3500061035156,458.9700012207031,467.55999755859375,466.7187805175781,16000300,MICROSOFT
2024-07-08,466.54998779296875,467.70001220703125,464.4599914550781,466.239990234375,465.4011535644531,12962300,MICROSOFT
2024-07-09,467.0,467.3299865722656,458.0,459.5400085449219,458.7132263183594,17207200,MICROSOFT
2024-07-10,461.2200012207031,466.4599914550781,458.8599853515625,466.25,465.4111328125,18196100,MICROSOFT
2024-07-11,462.9800109863281,464.7799987792969,451.54998779296875,454.70001220703125,453.8819274902344,23111200,MICROSOFT
2024-07-12,454.3299865722656,456.3599853515625,450.6499938964844,453.54998779296875,452.7339782714844,16324300,MICROSOFT
2024-07-15,453.29998779296875,457.260009765625,451.42999267578125,453.9599914550781,453.14324951171875,14429400,MICROSOFT
2024-07-16,454.2200012207031,454.29998779296875,446.6600036621094,449.5199890136719,448.71124267578125,17175700,MICROSOFT
2024-07-17,442.5899963378906,444.8500061035156,439.17999267578125,443.5199890136719,442.7220153808594,21778000,MICROSOFT
2024-07-18,444.3399963378906,444.6499938964844,434.3999938964844,440.3699951171875,439.57769775390625,20794800,MICROSOFT
2024-07-19,433.1000061035156,441.1400146484375,432.0,437.1099853515625,436.32354736328125,20940400,MICROSOFT
2024-07-22,441.7900085449219,444.6000061035156,438.9100036621094,442.94000244140625,442.14306640625,15808800,MICROSOFT
2024-07-23,443.8999938964844,448.3900146484375,443.1000061035156,444.8500061035156,444.0496520996094,13107100,MICROSOFT
2024-07-24,440.45001220703125,441.4800109863281,427.5899963378906,428.8999938964844,428.1283264160156,26805800,MICROSOFT
2024-07-25,428.79998779296875,429.79998779296875,417.510009765625,418.3999938964844,417.647216796875,29943800,MICROSOFT
2024-07-26,418.20001220703125,428.9200134277344,417.2699890136719,425.2699890136719,424.5048522949219,23583800,MICROSOFT
2024-07-29,431.5799865722656,432.1499938964844,424.70001220703125,426.7300109863281,425.9622497558594,15125800,MICROSOFT
2024-07-30,427.7200012207031,429.04998779296875,417.3599853515625,422.9200134277344,422.15911865234375,32687600,MICROSOFT
2024-07-31,420.5,421.7799987792969,412.2099914550781,418.3500061035156,417.5973205566406,42891400,MICROSOFT
2024-08-01,420.7900085449219,427.4599914550781,413.0899963378906,417.1099853515625,416.3595275878906,30296400,MICROSOFT
2024-08-02,412.489990234375,415.0,404.3399963378906,408.489990234375,407.7550354003906,29437900,MICROSOFT
2024-08-05,389.1700134277344,401.0400085449219,385.5799865722656,395.1499938964844,394.4390563964844,40709200,MICROSOFT
2024-08-06,400.0,405.6700134277344,398.5,399.6099853515625,398.8910217285156,24946500,MICROSOFT
2024-08-07,408.6400146484375,410.0799865722656,397.4700012207031,398.42999267578125,397.7131652832031,20650900,MICROSOFT
2024-08-08,402.44000244140625,405.8599853515625,399.94000244140625,402.69000244140625,401.9654846191406,20203000,MICROSOFT
2024-08-09,404.0299987792969,408.04998779296875,402.260009765625,406.0199890136719,405.28948974609375,19276700,MICROSOFT
2024-08-12,407.05999755859375,408.760009765625,404.239990234375,406.80999755859375,406.07806396484375,16762900,MICROSOFT
2024-08-13,409.5899963378906,414.95001220703125,409.57000732421875,414.010009765625,413.26513671875,19414300,MICROSOFT
2024-08-14,414.79998779296875,417.7200012207031,412.45001220703125,416.8599853515625,416.1099853515625,18267000,MICROSOFT
2024-08-15,419.79998779296875,421.1099853515625,417.6600036621094,421.0299987792969,421.0299987792969,20752100,MICROSOFT
2024-08-16,420.6000061035156,421.3399963378906,417.29998779296875,418.4700012207031,418.4700012207031,22775600,MICROSOFT
2024-08-19,418.9599914550781,421.75,416.4599914550781,421.5299987792969,421.5299987792969,15234000,MICROSOFT
2024-08-20,421.70001220703125,425.8599853515625,421.6400146484375,424.79998779296875,424.79998779296875,16387600,MICROSOFT
2024-08-21,424.0799865722656,426.3999938964844,421.7200012207031,424.1400146484375,424.1400146484375,16067300,MICROSOFT
2024-08-22,424.3599853515625,426.7900085449219,414.6099853515625,415.54998779296875,415.54998779296875,19361900,MICROSOFT
2024-08-23,416.9800109863281,419.260009765625,412.0899963378906,416.7900085449219,416.7900085449219,18473000,MICROSOFT
2023-08-25,132.47000122070312,133.8699951171875,130.5800018310547,133.25999450683594,133.25999450683594,44147500,AMAZON
2023-08-28,133.77999877929688,133.9499969482422,131.85000610351562,133.13999938964844,133.13999938964844,34108400,AMAZON
2023-08-29,133.3800048828125,135.13999938964844,133.25,134.91000366210938,134.91000366210938,38646100,AMAZON
2023-08-30,134.92999267578125,135.67999267578125,133.9199981689453,135.07000732421875,135.07000732421875,36137000,AMAZON
2023-08-31,135.05999755859375,138.7899932861328,135.0,138.00999450683594,138.00999450683594,58781300,AMAZON
2023-09-01,139.4600067138672,139.9600067138672,136.8800048828125,138.1199951171875,138.1199951171875,40948300,AMAZON
2023-09-05,137.72999572753906,137.8000030517578,135.82000732421875,137.27000427246094,137.27000427246094,40636700,AMAZON
2023-09-06,136.32000732421875,137.4499969482422,134.61000061035156,135.36000061035156,135.36000061035156,41785500,AMAZON
2023-09-07,133.89999389648438,138.02999877929688,133.16000366210938,137.85000610351562,137.85000610351562,48498900,AMAZON
2023-09-08,136.86000061035156,138.85000610351562,136.75,138.22999572753906,138.22999572753906,38348200,AMAZON
2023-09-11,138.75,143.6199951171875,138.63999938964844,143.10000610351562,143.10000610351562,56764500,AMAZON
2023-09-12,142.32000732421875,143.0,140.61000061035156,141.22999572753906,141.22999572753906,42668500,AMAZON
2023-09-13,140.9499969482422,144.97999572753906,140.8699951171875,144.85000610351562,144.85000610351562,60465200,AMAZON
2023-09-14,145.0800018310547,145.86000061035156,142.9499969482422,144.72000122070312,144.72000122070312,64033600,AMAZON
2023-09-15,142.69000244140625,143.57000732421875,140.08999633789062,140.38999938964844,140.38999938964844,102861700,AMAZON
2023-09-18,140.47999572753906,141.75,139.22000122070312,139.97999572753906,139.97999572753906,42823500,AMAZON
2023-09-19,138.6999969482422,138.83999633789062,135.55999755859375,137.6300048828125,137.6300048828125,61482500,AMAZON
2023-09-20,138.5500030517578,139.3699951171875,135.1999969482422,135.2899932861328,135.2899932861328,46263700,AMAZON
2023-09-21,131.94000244140625,132.24000549316406,129.30999755859375,129.3300018310547,129.3300018310547,70234800,AMAZON
2023-09-22,131.11000061035156,132.02999877929688,128.52000427246094,129.1199951171875,129.1199951171875,59904300,AMAZON
2023-09-25,129.36000061035156,131.77999877929688,128.77000427246094,131.27000427246094,131.27000427246094,46017800,AMAZON
2023-09-26,130.1199951171875,130.38999938964844,125.27999877929688,125.9800033569336,125.9800033569336,73048200,AMAZON
2023-09-27,125.76000213623047,127.4800033569336,124.12999725341797,125.9800033569336,125.9800033569336,66553400,AMAZON
2023-09-28,124.04000091552734,126.58000183105469,123.04000091552734,125.9800033569336,125.9800033569336,54555000,AMAZON
2023-09-29,128.1999969482422,129.14999389648438,126.31999969482422,127.12000274658203,127.12000274658203,62377600,AMAZON
2023-10-02,127.27999877929688,130.47000122070312,126.54000091552734,129.4600067138672,129.4600067138672,48029700,AMAZON
2023-10-03,128.05999755859375,128.52000427246094,124.25,124.72000122070312,124.72000122070312,51565000,AMAZON
2023-10-04,126.05999755859375,127.36000061035156,125.68000030517578,127.0,127.0,44203900,AMAZON
2023-10-05,126.70999908447266,126.7300033569336,124.33000183105469,125.95999908447266,125.95999908447266,39660600,AMAZON
2023-10-06,124.16000366210938,128.4499969482422,124.12999725341797,127.95999908447266,127.95999908447266,46795900,AMAZON
2023-10-09,126.22000122070312,128.7899932861328,124.76000213623047,128.25999450683594,128.25999450683594,38773700,AMAZON
2023-10-10,128.82000732421875,130.74000549316406,128.0500030517578,129.47999572753906,129.47999572753906,42178600,AMAZON
2023-10-11,129.74000549316406,132.0500030517578,129.61000061035156,131.8300018310547,131.8300018310547,40741800,AMAZON
2023-10-12,132.1699981689453,134.47999572753906,131.22999572753906,132.3300018310547,132.3300018310547,55528600,AMAZON
2023-10-13,132.97999572753906,133.30999755859375,128.9499969482422,129.7899932861328,129.7899932861328,45786600,AMAZON
2023-10-16,130.69000244140625,133.07000732421875,130.42999267578125,132.5500030517578,132.5500030517578,42832900,AMAZON
2023-10-17,130.38999938964844,132.5800018310547,128.7100067138672,131.47000122070312,131.47000122070312,49344600,AMAZON
2023-10-18,129.89999389648438,130.6699981689453,127.51000213623047,128.1300048828125,128.1300048828125,42699500,AMAZON
2023-10-19,130.57000732421875,132.24000549316406,127.47000122070312,128.39999389648438,128.39999389648438,60961400,AMAZON
2023-10-20,128.0500030517578,128.1699981689453,124.97000122070312,125.16999816894531,125.16999816894531,56343300,AMAZON
2023-10-23,124.62999725341797,127.87999725341797,123.9800033569336,126.55999755859375,126.55999755859375,48260000,AMAZON
2023-10-24,127.73999786376953,128.8000030517578,126.33999633789062,128.55999755859375,128.55999755859375,46477400,AMAZON
2023-10-25,126.04000091552734,126.33999633789062,120.79000091552734,121.38999938964844,121.38999938964844,74577500,AMAZON
2023-10-26,120.62999725341797,121.63999938964844,118.3499984741211,119.56999969482422,119.56999969482422,100419500,AMAZON
2023-10-27,126.19999694824219,130.02000427246094,125.5199966430664,127.73999786376953,127.73999786376953,125309300,AMAZON
2023-10-30,129.72000122070312,133.0,128.55999755859375,132.7100067138672,132.7100067138672,72485500,AMAZON
2023-10-31,132.75,133.57000732421875,131.7100067138672,133.08999633789062,133.08999633789062,51589400,AMAZON
2023-11-01,133.9600067138672,137.35000610351562,133.7100067138672,137.0,137.0,61529400,AMAZON
2023-11-02,138.72999572753906,138.80999755859375,136.47000122070312,138.07000732421875,138.07000732421875,52236700,AMAZON
2023-11-03,138.99000549316406,139.49000549316406,137.4499969482422,138.60000610351562,138.60000610351562,44007200,AMAZON
2023-11-06,138.75999450683594,140.72999572753906,138.36000061035156,139.74000549316406,139.74000549316406,44970400,AMAZON
2023-11-07,140.5500030517578,143.3699951171875,140.5,142.7100067138672,142.7100067138672,53553500,AMAZON
2023-11-08,142.97000122070312,143.1199951171875,141.22000122070312,142.0800018310547,142.0800018310547,44521700,AMAZON
2023-11-09,142.02000427246094,142.64999389648438,139.83999633789062,140.60000610351562,140.60000610351562,36235400,AMAZON
2023-11-10,140.4600067138672,143.64999389648438,139.91000366210938,143.55999755859375,143.55999755859375,49287800,AMAZON
2023-11-13,142.0800018310547,143.22999572753906,140.6699981689453,142.58999633789062,142.58999633789062,35680600,AMAZON
2023-11-14,145.0,147.25999450683594,144.67999267578125,145.8000030517578,145.8000030517578,56674600,AMAZON
2023-11-15,147.05999755859375,147.2899932861328,142.58999633789062,143.1999969482422,143.1999969482422,63875700,AMAZON
2023-11-16,140.91000366210938,143.32000732421875,139.52000427246094,142.8300018310547,142.8300018310547,49653500,AMAZON
2023-11-17,142.66000366210938,145.22999572753906,142.5399932861328,145.17999267578125,145.17999267578125,49636700,AMAZON
2023-11-20,145.1300048828125,146.6300048828125,144.72999572753906,146.1300048828125,146.1300048828125,41951200,AMAZON
2023-11-21,143.91000366210938,144.0500030517578,141.5,143.89999389648438,143.89999389648438,71226000,AMAZON
2023-11-22,144.57000732421875,147.74000549316406,144.57000732421875,146.7100067138672,146.7100067138672,45669100,AMAZON
2023-11-24,146.6999969482422,147.1999969482422,145.32000732421875,146.74000549316406,146.74000549316406,22378400,AMAZON
2023-11-27,147.52999877929688,149.25999450683594,146.8800048828125,147.72999572753906,147.72999572753906,53762400,AMAZON
2023-11-28,146.97999572753906,147.60000610351562,145.52999877929688,147.02999877929688,147.02999877929688,42711700,AMAZON
2023-11-29,147.85000610351562,148.5399932861328,145.97000122070312,146.32000732421875,146.32000732421875,40610900,AMAZON
2023-11-30,144.75999450683594,146.92999267578125,144.3300018310547,146.08999633789062,146.08999633789062,65814000,AMAZON
2023-12-01,146.0,147.25,145.5500030517578,147.02999877929688,147.02999877929688,39924600,AMAZON
2023-12-04,145.25,145.35000610351562,142.80999755859375,144.83999633789062,144.83999633789062,48294200,AMAZON
2023-12-05,143.5500030517578,148.57000732421875,143.1300048828125,146.8800048828125,146.8800048828125,46822400,AMAZON
2023-12-06,147.5800018310547,147.85000610351562,144.27999877929688,144.52000427246094,144.52000427246094,39679000,AMAZON
2023-12-07,146.14999389648438,147.9199981689453,145.33999633789062,146.8800048828125,146.8800048828125,52352800,AMAZON
2023-12-08,145.47999572753906,147.83999633789062,145.39999389648438,147.4199981689453,147.4199981689453,41858000,AMAZON
2023-12-11,145.66000366210938,146.19000244140625,143.63999938964844,145.88999938964844,145.88999938964844,50907300,AMAZON
2023-12-12,145.52000427246094,147.5,145.3000030517578,147.47999572753906,147.47999572753906,44944300,AMAZON
2023-12-13,148.1199951171875,149.4600067138672,146.82000732421875,148.83999633789062,148.83999633789062,52766200,AMAZON
2023-12-14,149.92999267578125,150.5399932861328,145.52000427246094,147.4199981689453,147.4199981689453,58400800,AMAZON
2023-12-15,148.3800048828125,150.57000732421875,147.8800048828125,149.97000122070312,149.97000122070312,110039100,AMAZON
2023-12-18,150.55999755859375,154.85000610351562,150.0500030517578,154.07000732421875,154.07000732421875,62512800,AMAZON
2023-12-19,154.39999389648438,155.1199951171875,152.69000244140625,153.7899932861328,153.7899932861328,43171300,AMAZON
2023-12-20,152.89999389648438,155.6300048828125,151.55999755859375,152.1199951171875,152.1199951171875,50322100,AMAZON
2023-12-21,153.3000030517578,153.97000122070312,152.10000610351562,153.83999633789062,153.83999633789062,36305700,AMAZON
2023-12-22,153.77000427246094,154.35000610351562,152.7100067138672,153.4199981689453,153.4199981689453,29480100,AMAZON
2023-12-26,153.55999755859375,153.97999572753906,153.02999877929688,153.41000366210938,153.41000366210938,25067200,AMAZON
2023-12-27,153.55999755859375,154.77999877929688,153.1199951171875,153.33999633789062,153.33999633789062,31434700,AMAZON
2023-12-28,153.72000122070312,154.0800018310547,152.9499969482422,153.3800048828125,153.3800048828125,27057000,AMAZON
2023-12-29,153.10000610351562,153.88999938964844,151.02999877929688,151.94000244140625,151.94000244140625,39789000,AMAZON
2024-01-02,151.5399932861328,152.3800048828125,148.38999938964844,149.92999267578125,149.92999267578125,47339400,AMAZON
2024-01-03,149.1999969482422,151.0500030517578,148.3300018310547,148.47000122070312,148.47000122070312,49425500,AMAZON
2024-01-04,145.58999633789062,147.3800048828125,144.0500030517578,144.57000732421875,144.57000732421875,56039800,AMAZON
2024-01-05,144.69000244140625,146.58999633789062,144.52999877929688,145.24000549316406,145.24000549316406,45124800,AMAZON
2024-01-08,146.74000549316406,149.39999389648438,146.14999389648438,149.10000610351562,149.10000610351562,46757100,AMAZON
2024-01-09,148.3300018310547,151.7100067138672,148.2100067138672,151.3699951171875,151.3699951171875,43812600,AMAZON
2024-01-10,152.05999755859375,154.4199981689453,151.8800048828125,153.72999572753906,153.72999572753906,44421800,AMAZON
2024-01-11,155.0399932861328,157.1699981689453,153.1199951171875,155.17999267578125,155.17999267578125,49072700,AMAZON
2024-01-12,155.38999938964844,156.1999969482422,154.00999450683594,154.6199951171875,154.6199951171875,40460300,AMAZON
2024-01-16,153.52999877929688,154.99000549316406,152.14999389648438,153.16000366210938,153.16000366210938,41384600,AMAZON
2024-01-17,151.49000549316406,152.14999389648438,149.91000366210938,151.7100067138672,151.7100067138672,34953400,AMAZON
2024-01-18,152.77000427246094,153.77999877929688,151.82000732421875,153.5,153.5,37850200,AMAZON
2024-01-19,153.8300018310547,155.75999450683594,152.74000549316406,155.33999633789062,155.33999633789062,51033700,AMAZON
2024-01-22,156.88999938964844,157.0500030517578,153.89999389648438,154.77999877929688,154.77999877929688,43687500,AMAZON
2024-01-23,154.85000610351562,156.2100067138672,153.92999267578125,156.02000427246094,156.02000427246094,37986000,AMAZON
2024-01-24,157.8000030517578,158.50999450683594,156.47999572753906,156.8699951171875,156.8699951171875,48547300,AMAZON
2024-01-25,156.9499969482422,158.50999450683594,154.5500030517578,157.75,157.75,43638600,AMAZON
2024-01-26,158.4199981689453,160.72000122070312,157.91000366210938,159.1199951171875,159.1199951171875,51047400,AMAZON
2024-01-29,159.33999633789062,161.2899932861328,158.89999389648438,161.25999450683594,161.25999450683594,45270400,AMAZON
2024-01-30,160.6999969482422,161.72999572753906,158.49000549316406,159.0,159.0,45207400,AMAZON
2024-01-31,157.0,159.00999450683594,154.80999755859375,155.1999969482422,155.1999969482422,50284400,AMAZON
2024-02-01,155.8699951171875,159.75999450683594,155.6199951171875,159.27999877929688,159.27999877929688,76542400,AMAZON
2024-02-02,169.19000244140625,172.5,167.3300018310547,171.80999755859375,171.80999755859375,117154900,AMAZON
2024-02-05,170.1999969482422,170.5500030517578,167.6999969482422,170.30999755859375,170.30999755859375,55081300,AMAZON
2024-02-06,169.38999938964844,170.7100067138672,167.64999389648438,169.14999389648438,169.14999389648438,42505500,AMAZON
2024-02-07,169.47999572753906,170.8800048828125,168.94000244140625,170.52999877929688,170.52999877929688,47174100,AMAZON
2024-02-08,169.64999389648438,171.42999267578125,168.8800048828125,169.83999633789062,169.83999633789062,42316500,AMAZON
2024-02-09,170.89999389648438,175.0,170.5800018310547,174.4499969482422,174.4499969482422,56986000,AMAZON
2024-02-12,174.8000030517578,175.38999938964844,171.5399932861328,172.33999633789062,172.33999633789062,51050400,AMAZON
2024-02-13,167.72999572753906,170.9499969482422,165.75,168.63999938964844,168.63999938964844,56345100,AMAZON
2024-02-14,169.2100067138672,171.2100067138672,168.27999877929688,170.97999572753906,170.97999572753906,42815500,AMAZON
2024-02-15,170.5800018310547,171.1699981689453,167.58999633789062,169.8000030517578,169.8000030517578,49855200,AMAZON
2024-02-16,168.74000549316406,170.4199981689453,167.1699981689453,169.50999450683594,169.50999450683594,48074600,AMAZON
2024-02-20,167.8300018310547,168.7100067138672,165.74000549316406,167.0800018310547,167.0800018310547,41980300,AMAZON
2024-02-21,168.94000244140625,170.22999572753906,167.13999938964844,168.58999633789062,168.58999633789062,44575600,AMAZON
2024-02-22,173.10000610351562,174.8000030517578,171.77000427246094,174.5800018310547,174.5800018310547,55392400,AMAZON
2024-02-23,174.27999877929688,175.75,173.6999969482422,174.99000549316406,174.99000549316406,59715200,AMAZON
2024-02-26,175.6999969482422,176.3699951171875,174.25999450683594,174.72999572753906,174.72999572753906,44368600,AMAZON
2024-02-27,174.0800018310547,174.6199951171875,172.86000061035156,173.5399932861328,173.5399932861328,31141700,AMAZON
2024-02-28,172.44000244140625,174.0500030517578,172.27000427246094,173.16000366210938,173.16000366210938,28180500,AMAZON
2024-02-29,173.00999450683594,177.22000122070312,172.85000610351562,176.75999450683594,176.75999450683594,53805400,AMAZON
2024-03-01,176.75,178.72999572753906,176.07000732421875,178.22000122070312,178.22000122070312,31956200,AMAZON
2024-03-04,177.52999877929688,180.13999938964844,177.49000549316406,177.5800018310547,177.5800018310547,37381500,AMAZON
2024-03-05,176.92999267578125,176.92999267578125,173.3000030517578,174.1199951171875,174.1199951171875,37228300,AMAZON
2024-03-06,175.5399932861328,176.4600067138672,173.25999450683594,173.50999450683594,173.50999450683594,32090900,AMAZON
2024-03-07,174.8300018310547,177.99000549316406,173.72000122070312,176.82000732421875,176.82000732421875,34063300,AMAZON
2024-03-08,176.44000244140625,178.7899932861328,174.3300018310547,175.35000610351562,175.35000610351562,37853500,AMAZON
2024-03-11,174.30999755859375,174.47000122070312,171.47000122070312,171.9600067138672,171.9600067138672,28484800,AMAZON
2024-03-12,173.5,176.75999450683594,171.97999572753906,175.38999938964844,175.38999938964844,36610600,AMAZON
2024-03-13,175.89999389648438,177.6199951171875,175.5500030517578,176.55999755859375,176.55999755859375,30772600,AMAZON
2024-03-14,177.69000244140625,179.52999877929688,176.47000122070312,178.75,178.75,43705800,AMAZON
2024-03-15,176.63999938964844,177.92999267578125,173.89999389648438,174.4199981689453,174.4199981689453,72115500,AMAZON
2024-03-18,175.8000030517578,176.69000244140625,174.27999877929688,174.47999572753906,174.47999572753906,31250700,AMAZON
2024-03-19,174.22000122070312,176.08999633789062,173.52000427246094,175.89999389648438,175.89999389648438,26880900,AMAZON
2024-03-20,176.13999938964844,178.52999877929688,174.63999938964844,178.14999389648438,178.14999389648438,29947200,AMAZON
2024-03-21,179.99000549316406,181.4199981689453,178.14999389648438,178.14999389648438,178.14999389648438,32824300,AMAZON
2024-03-22,177.75,179.25999450683594,176.75,178.8699951171875,178.8699951171875,27964100,AMAZON
2024-03-25,178.00999450683594,180.99000549316406,177.24000549316406,179.7100067138672,179.7100067138672,29815500,AMAZON
2024-03-26,180.14999389648438,180.4499969482422,177.9499969482422,178.3000030517578,178.3000030517578,29659000,AMAZON
2024-03-27,179.8800048828125,180.0,177.30999755859375,179.8300018310547,179.8300018310547,33272600,AMAZON
2024-03-28,180.1699981689453,181.6999969482422,179.25999450683594,180.3800048828125,180.3800048828125,38051600,AMAZON
2024-04-01,180.7899932861328,183.0,179.9499969482422,180.97000122070312,180.97000122070312,29174500,AMAZON
2024-04-02,179.07000732421875,180.7899932861328,178.3800048828125,180.69000244140625,180.69000244140625,32611500,AMAZON
2024-04-03,179.89999389648438,182.8699951171875,179.8000030517578,182.41000366210938,182.41000366210938,31046600,AMAZON
2024-04-04,184.0,185.10000610351562,180.0,180.0,180.0,41624300,AMAZON
2024-04-05,182.3800048828125,186.27000427246094,181.97000122070312,185.07000732421875,185.07000732421875,42335200,AMAZON
2024-04-08,186.89999389648438,187.2899932861328,184.80999755859375,185.19000244140625,185.19000244140625,39221300,AMAZON
2024-04-09,187.24000549316406,187.33999633789062,184.1999969482422,185.6699981689453,185.6699981689453,36546900,AMAZON
2024-04-10,182.77000427246094,186.27000427246094,182.6699981689453,185.9499969482422,185.9499969482422,35879200,AMAZON
2024-04-11,186.74000549316406,189.77000427246094,185.50999450683594,189.0500030517578,189.0500030517578,40020700,AMAZON
2024-04-12,187.72000122070312,188.3800048828125,185.0800018310547,186.1300048828125,186.1300048828125,38554300,AMAZON
2024-04-15,187.42999267578125,188.69000244140625,183.0,183.6199951171875,183.6199951171875,48052400,AMAZON
2024-04-16,183.27000427246094,184.8300018310547,182.25999450683594,183.32000732421875,183.32000732421875,32891300,AMAZON
2024-04-17,184.30999755859375,184.57000732421875,179.82000732421875,181.27999877929688,181.27999877929688,31359700,AMAZON
2024-04-18,181.47000122070312,182.38999938964844,178.64999389648438,179.22000122070312,179.22000122070312,30723800,AMAZON
2024-04-19,178.74000549316406,179.0,173.44000244140625,174.6300048828125,174.6300048828125,55950000,AMAZON
2024-04-22,176.94000244140625,178.8699951171875,174.55999755859375,177.22999572753906,177.22999572753906,37924900,AMAZON
2024-04-23,178.0800018310547,179.92999267578125,175.97999572753906,179.5399932861328,179.5399932861328,37046500,AMAZON
2024-04-24,179.94000244140625,180.32000732421875,176.17999267578125,176.58999633789062,176.58999633789062,34185100,AMAZON
2024-04-25,169.67999267578125,173.9199981689453,166.32000732421875,173.6699981689453,173.6699981689453,49249400,AMAZON
2024-04-26,177.8000030517578,180.82000732421875,176.1300048828125,179.6199951171875,179.6199951171875,43919800,AMAZON
2024-04-29,182.75,183.52999877929688,179.38999938964844,180.9600067138672,180.9600067138672,54063900,AMAZON
2024-04-30,181.08999633789062,182.99000549316406,174.8000030517578,175.0,175.0,94639800,AMAZON
2024-05-01,181.63999938964844,185.14999389648438,176.55999755859375,179.0,179.0,94645100,AMAZON
2024-05-02,180.85000610351562,185.10000610351562,179.91000366210938,184.72000122070312,184.72000122070312,54303500,AMAZON
2024-05-03,186.99000549316406,187.8699951171875,185.4199981689453,186.2100067138672,186.2100067138672,39172000,AMAZON
2024-05-06,186.27999877929688,188.75,184.8000030517578,188.6999969482422,188.6999969482422,34725300,AMAZON
2024-05-07,188.9199981689453,189.94000244140625,187.30999755859375,188.75999450683594,188.75999450683594,34048900,AMAZON
2024-05-08,187.44000244140625,188.42999267578125,186.38999938964844,188.0,188.0,26136400,AMAZON
2024-05-09,188.8800048828125,191.6999969482422,187.44000244140625,189.5,189.5,43368400,AMAZON
2024-05-10,189.16000366210938,189.88999938964844,186.92999267578125,187.47999572753906,187.47999572753906,34141800,AMAZON
2024-05-13,188.0,188.30999755859375,185.36000061035156,186.57000732421875,186.57000732421875,24898600,AMAZON
2024-05-14,183.82000732421875,187.72000122070312,183.4499969482422,187.07000732421875,187.07000732421875,38698200,AMAZON
2024-05-15,185.97000122070312,186.72000122070312,182.72999572753906,185.99000549316406,185.99000549316406,75459900,AMAZON
2024-05-16,185.60000610351562,187.30999755859375,183.4600067138672,183.6300048828125,183.6300048828125,38834500,AMAZON
2024-05-17,183.75999450683594,185.3000030517578,183.35000610351562,184.6999969482422,184.6999969482422,33175700,AMAZON
2024-05-20,184.33999633789062,186.6699981689453,183.27999877929688,183.5399932861328,183.5399932861328,30511800,AMAZON
2024-05-21,182.3000030517578,183.25999450683594,180.75,183.14999389648438,183.14999389648438,50839100,AMAZON
2024-05-22,183.8800048828125,185.22000122070312,181.97000122070312,183.1300048828125,183.1300048828125,28148800,AMAZON
2024-05-23,183.66000366210938,184.75999450683594,180.0800018310547,181.0500030517578,181.0500030517578,33670200,AMAZON
2024-05-24,181.64999389648438,182.44000244140625,180.3000030517578,180.75,180.75,27434100,AMAZON
2024-05-28,179.92999267578125,182.24000549316406,179.49000549316406,182.14999389648438,182.14999389648438,29927000,AMAZON
2024-05-29,181.6999969482422,184.0800018310547,181.5500030517578,182.02000427246094,182.02000427246094,32009300,AMAZON
2024-05-30,181.30999755859375,181.33999633789062,178.36000061035156,179.32000732421875,179.32000732421875,29249200,AMAZON
2024-05-31,178.3000030517578,179.2100067138672,173.8699951171875,176.44000244140625,176.44000244140625,58903900,AMAZON
2024-06-03,177.6999969482422,178.6999969482422,175.9199981689453,178.33999633789062,178.33999633789062,30786600,AMAZON
2024-06-04,177.63999938964844,179.82000732421875,176.44000244140625,179.33999633789062,179.33999633789062,27198400,AMAZON
2024-06-05,180.10000610351562,181.5,178.75,181.27999877929688,181.27999877929688,32116400,AMAZON
2024-06-06,181.75,185.0,181.49000549316406,185.0,185.0,31371200,AMAZON
2024-06-07,184.89999389648438,186.2899932861328,183.36000061035156,184.3000030517578,184.3000030517578,28021500,AMAZON
2024-06-10,184.07000732421875,187.22999572753906,183.7899932861328,187.05999755859375,187.05999755859375,34494500,AMAZON
2024-06-11,187.05999755859375,187.77000427246094,184.5399932861328,187.22999572753906,187.22999572753906,27265100,AMAZON
2024-06-12,188.02000427246094,188.35000610351562,185.42999267578125,186.88999938964844,186.88999938964844,33984200,AMAZON
2024-06-13,186.08999633789062,187.6699981689453,182.6699981689453,183.8300018310547,183.8300018310547,39721500,AMAZON
2024-06-14,183.0800018310547,183.72000122070312,182.22999572753906,183.66000366210938,183.66000366210938,25456400,AMAZON
2024-06-17,182.52000427246094,185.0,181.22000122070312,184.05999755859375,184.05999755859375,35601900,AMAZON
2024-06-18,183.74000549316406,184.2899932861328,181.42999267578125,182.80999755859375,182.80999755859375,36659200,AMAZON
2024-06-20,182.91000366210938,186.50999450683594,182.72000122070312,186.10000610351562,186.10000610351562,44726800,AMAZON
2024-06-21,187.8000030517578,189.27999877929688,185.86000061035156,189.0800018310547,189.0800018310547,72931800,AMAZON
2024-06-24,189.3300018310547,191.0,185.3300018310547,185.57000732421875,185.57000732421875,50610400,AMAZON
2024-06-25,186.80999755859375,188.83999633789062,185.4199981689453,186.33999633789062,186.33999633789062,45898500,AMAZON
2024-06-26,186.9199981689453,194.8000030517578,186.25999450683594,193.61000061035156,193.61000061035156,65103900,AMAZON
2024-06-27,195.00999450683594,199.83999633789062,194.1999969482422,197.85000610351562,197.85000610351562,74397500,AMAZON
2024-06-28,197.72999572753906,198.85000610351562,192.5,193.25,193.25,76930200,AMAZON
2024-07-01,193.49000549316406,198.3000030517578,192.82000732421875,197.1999969482422,197.1999969482422,41192000,AMAZON
2024-07-02,197.27999877929688,200.42999267578125,195.92999267578125,200.0,200.0,45600000,AMAZON
2024-07-03,199.94000244140625,200.02999877929688,196.75999450683594,197.58999633789062,197.58999633789062,31597900,AMAZON
2024-07-05,198.64999389648438,200.5500030517578,198.1699981689453,200.0,200.0,39858900,AMAZON
2024-07-08,200.0399932861328,201.1999969482422,197.9600067138672,199.2899932861328,199.2899932861328,34767300,AMAZON
2024-07-09,199.39999389648438,200.57000732421875,199.0500030517578,199.33999633789062,199.33999633789062,32700100,AMAZON
2024-07-10,200.0,200.11000061035156,197.69000244140625,199.7899932861328,199.7899932861328,32883800,AMAZON
2024-07-11,200.08999633789062,200.27000427246094,192.86000061035156,195.0500030517578,195.0500030517578,44565000,AMAZON
2024-07-12,194.8000030517578,196.47000122070312,193.8300018310547,194.49000549316406,194.49000549316406,30598500,AMAZON
2024-07-15,194.55999755859375,196.19000244140625,190.8300018310547,192.72000122070312,192.72000122070312,40683200,AMAZON
2024-07-16,195.58999633789062,196.6199951171875,192.24000549316406,193.02000427246094,193.02000427246094,33994700,AMAZON
2024-07-17,191.35000610351562,191.5800018310547,185.99000549316406,187.92999267578125,187.92999267578125,48076100,AMAZON
2024-07-18,189.58999633789062,189.67999267578125,181.4499969482422,183.75,183.75,51043600,AMAZON
2024-07-19,181.13999938964844,184.92999267578125,180.11000061035156,183.1300048828125,183.1300048828125,43081800,AMAZON
2024-07-22,185.0,185.05999755859375,182.47999572753906,182.5500030517578,182.5500030517578,39931900,AMAZON
2024-07-23,184.10000610351562,189.38999938964844,183.55999755859375,186.41000366210938,186.41000366210938,47537700,AMAZON
2024-07-24,183.1999969482422,185.4499969482422,180.41000366210938,180.8300018310547,180.8300018310547,41532400,AMAZON
2024-07-25,182.91000366210938,183.89999389648438,176.8000030517578,179.85000610351562,179.85000610351562,44464200,AMAZON
2024-07-26,180.38999938964844,183.19000244140625,180.24000549316406,182.5,182.5,29506000,AMAZON
2024-07-29,183.83999633789062,184.75,182.3800048828125,183.1999969482422,183.1999969482422,33270100,AMAZON
2024-07-30,184.72000122070312,185.86000061035156,179.3800048828125,181.7100067138672,181.7100067138672,39508600,AMAZON
2024-07-31,185.0500030517578,187.94000244140625,184.4600067138672,186.97999572753906,186.97999572753906,41667300,AMAZON
2024-08-01,189.2899932861328,190.60000610351562,181.8699951171875,184.07000732421875,184.07000732421875,70435600,AMAZON
2024-08-02,166.75,168.77000427246094,160.5500030517578,167.89999389648438,167.89999389648438,141448400,AMAZON
2024-08-05,154.2100067138672,162.9600067138672,151.61000061035156,161.02000427246094,161.02000427246094,83149400,AMAZON
2024-08-06,161.7100067138672,165.0800018310547,158.5399932861328,161.92999267578125,161.92999267578125,59950800,AMAZON
2024-08-07,166.5500030517578,167.5800018310547,161.42999267578125,162.77000427246094,162.77000427246094,48408200,AMAZON
2024-08-08,165.1699981689453,166.69000244140625,162.5500030517578,165.8000030517578,165.8000030517578,44616200,AMAZON
2024-08-09,166.39999389648438,168.5500030517578,165.85000610351562,166.94000244140625,166.94000244140625,36401000,AMAZON
2024-08-12,168.13999938964844,168.5500030517578,166.11000061035156,166.8000030517578,166.8000030517578,30072800,AMAZON
2024-08-13,167.80999755859375,171.0399932861328,167.10000610351562,170.22999572753906,170.22999572753906,39237900,AMAZON
2024-08-14,172.11000061035156,172.27999877929688,168.86000061035156,170.10000610351562,170.10000610351562,28843800,AMAZON
2024-08-15,174.86000061035156,177.91000366210938,173.99000549316406,177.58999633789062,177.58999633789062,51698500,AMAZON
2024-08-16,177.0399932861328,178.33999633789062,176.25999450683594,177.05999755859375,177.05999755859375,31489200,AMAZON
2024-08-19,177.63999938964844,178.3000030517578,176.16000366210938,178.22000122070312,178.22000122070312,31129800,AMAZON
2024-08-20,177.9199981689453,179.00999450683594,177.42999267578125,178.8800048828125,178.8800048828125,26255200,AMAZON
2024-08-21,179.9199981689453,182.38999938964844,178.88999938964844,180.11000061035156,180.11000061035156,35599100,AMAZON
2024-08-22,181.3800048828125,181.47000122070312,175.67999267578125,176.1300048828125,176.1300048828125,32047500,AMAZON
2024-08-23,177.33999633789062,178.97000122070312,175.24000549316406,177.0399932861328,177.0399932861328,29095000,AMAZON
